sensor_1
NoiseModelA = { 8.581585317602946e-07,8.456955201497131e-07,8.491433577720162e-07,8.525433961250139e-07 }
NoiseModelB = { 5.934657488329203e-07,6.7999728746377715e-06,6.449756574033481e-06,3.3511307088409762e-06 }
NoiseModelC = { 2.278775855714765e-12,2.407700239539807e-12,2.528083390246599e-12,2.3884368675990673e-12 }
NoiseModelD = { 3.0840185894551757e-07,1.7473661249574023e-07,1.7458244241941856e-07,2.642582277455448e-07 }

sensor_2
NoiseModelA = { 5.763553905084789e-07, 5.759584968897113e-07, 5.75737350902826e-07, 5.771675041885559e-07 }
NoiseModelB = { 1.6301116572196197e-05, 3.435639666663024e-05, 3.473913520646927e-05, 1.551814235142615e-05 }
NoiseModelC = { 3.149909945778049e-12, -1.7909825911818084e-12, -2.5184660536496303e-12, 3.737111423270101e-12 }
NoiseModelD = { 1.137021329096837e-06, 1.3624176494829988e-06, 1.3979173266459473e-06, 1.1577116423203763e-06 }

sensor_3
NoiseModelA = { 5.742451019697843e-07, 6.105980876415757e-07, 3.146043228762669e-07, 3.4805068152249336e-07 }
NoiseModelB = { -1.3587633006335554e-05, 1.444168782160784e-06, 3.3720815316516287e-06, 1.1018139870998794e-07 }
NoiseModelC = { 9.211999906785047e-13, 7.281396591038181e-13, 3.937704870525039e-13, 4.480127032415033e-13 }
NoiseModelD = { 3.865634437153818e-07, 2.5026135848820493e-07, 3.055772727116593e-07, 3.2594439853766415e-07 }
calibrationTransform1 = {1,0,0,0,1,0,0,0,1}
calibrationTransform2 = {1,0,0,0,1,0,0,0,1}
colorTransform1 = {0.8311,-0.2511,-0.0647,-0.3187,1.1733,0.1656,-0.0071,0.1329,0.4736}
colorTransform2 = {1.6209,-1.1129,0.0692,-0.0846,0.9235,0.1936,0.084,-0.0174,0.6497}
forwardMatrix1 = {0.439,0.3842,0.1411,0.2188,0.7187,0.0625,0.0157,0.0943,0.7151}
forwardMatrix2 = {0.439,0.3842,0.1411,0.2188,0.7187,0.0625,0.0157,0.0943,0.7151}
profileHueSatMapDims = {90,25,1}
profileHueSatMapData1 = {0,1,1,-3.06365275382996,1.1744019985199,1.00288653373718,-2.73552751541138,1.15951752662659,1.00510621070862,-2.65642142295837,1.15176486968994,1.0072249174118,-2.70573806762695,1.14760744571686,1.00946128368378,-2.81239604949951,1.14558529853821,1.0119491815567,-2.94549417495728,1.14429700374603,1.01466453075409,-3.07409262657166,1.14311003684998,1.01754069328308,-3.18840479850769,1.14177906513214,1.02052962779999,-3.28497743606567,1.1401150226593,1.02355420589447,-3.36908960342407,1.1380273103714,1.02653551101685,-3.44547414779663,1.13548243045807,1.02939558029175,-3.52927422523499,1.13262045383453,1.03211200237274,-3.62821388244629,1.12868344783783,1.03469383716583,-3.74326515197754,1.11835610866547,1.03752815723419,-3.8838152885437,1.10459530353546,1.04052805900574,-4.06086444854736,1.09080505371094,1.04346418380737,-4.26653957366943,1.07745671272278,1.04633677005768,-4.49088573455811,1.06466448307037,1.04914927482605,-4.72357511520386,1.05247330665588,1.05192530155182,-4.9547815322876,1.04087972640991,1.05467867851257,-5.17493629455566,1.02994275093079,1.05743014812469,-5.38062620162964,1.01955544948578,1.06021964550018,-5.56627082824707,1.00968396663666,1.0630704164505,-3.28638601303101,1.01407241821289,1.06082546710968,0,1,1,0.525529146194458,1.1836861371994,1.00295853614807,0.952257990837097,1.17858338356018,1.0053493976593,1.10243511199951,1.1739342212677,1.00762784481049,1.10210013389587,1.16939032077789,1.00999712944031,1.01997864246368,1.1648930311203,1.01252150535583,0.890009582042694,1.16026473045349,1.01523077487946,0.739238083362579,1.15532326698303,1.01804673671722,0.582695543766022,1.15027093887329,1.02095520496368,0.425606459379196,1.14503109455109,1.02390086650848,0.270803451538086,1.13960695266724,1.02684104442596,0.117316678166389,1.13388347625732,1.0296995639801,-0.0389410778880119,1.12787759304047,1.03245806694031,-0.203229650855064,1.12152922153473,1.03508961200714,-0.381299078464508,1.11476171016693,1.03756392002106,-0.579867660999298,1.10745573043823,1.03985798358917,-0.803397178649902,1.09629857540131,1.04220950603485,-1.06774663925171,1.08393156528473,1.0444244146347,-1.37151408195496,1.07093775272369,1.04647874832153,-1.68802058696747,1.05799436569214,1.0483820438385,-1.99881184101105,1.04552435874939,1.05016756057739,-2.29016709327698,1.03386330604553,1.05186629295349,-2.55447459220886,1.02306866645813,1.05351126194,-2.78494358062744,1.01322853565216,1.05512225627899,-1.68925642967224,1.01762986183167,1.06088829040527,0,1,1,3.47538328170776,1.25314724445343,1.00300192832947,3.94824576377869,1.25117421150208,1.00551760196686,4.12836599349976,1.24751269817352,1.00792157649994,4.15925025939941,1.24325895309448,1.01038777828217,4.1109561920166,1.23858392238617,1.01295626163483,4.00017690658569,1.23343920707703,1.01570177078247,3.85683178901672,1.22760343551636,1.01853108406067,3.69139099121094,1.22120916843414,1.02142405509949,3.51075172424316,1.21439433097839,1.02437114715576,3.32005834579468,1.20714604854584,1.02731561660767,3.12035846710205,1.1994491815567,1.03021514415741,2.91279649734497,1.19141221046448,1.03305518627167,2.69651007652283,1.18302690982819,1.03580558300018,2.47608709335327,1.17210328578949,1.03860712051392,2.26210713386536,1.15588009357452,1.04168438911438,2.03979516029358,1.13835394382477,1.044802069664,1.80416309833527,1.12079918384552,1.0478343963623,1.55027258396149,1.10329687595367,1.05074274539948,1.2788370847702,1.08593726158142,1.0534895658493,0.999032378196716,1.06895840167999,1.05605709552765,0.72132408618927,1.05268561840057,1.05842435359955,0.451549530029297,1.0371218919754,1.06058704853058,0.192414656281471,1.02219951152802,1.06238150596619,-0.184797719120979,1.02163255214691,1.06417202949524,0,1,1,5.89642572402954,1.32549428939819,1.00297236442566,6.25914812088013,1.3232786655426,1.00555098056793,6.43205404281616,1.32041275501251,1.00803768634796,6.48751258850098,1.3168580532074,1.01056206226349,6.46696376800537,1.31251525878906,1.01317644119263,6.37755441665649,1.30707263946533,1.01592969894409,6.24535274505615,1.30064129829407,1.01878499984741,6.08047151565552,1.29334545135498,1.02172839641571,5.89166164398193,1.28518187999725,1.02470362186432,5.68176984786987,1.27629446983337,1.02770745754242,5.45214653015137,1.26666593551636,1.03070247173309,5.20784378051758,1.25645458698273,1.03365170955658,4.96348810195923,1.24137687683105,1.03680860996246,4.73319005966187,1.21911382675171,1.04037058353424,4.50358390808105,1.1954745054245,1.04404926300049,4.26847839355469,1.17230725288391,1.04772090911865,4.02698802947998,1.14978551864624,1.05134439468384,3.77885627746582,1.12793910503387,1.05487906932831,3.52533149719238,1.1067727804184,1.05827820301056,3.26634001731873,1.08626413345337,1.06151640415192,3.00492405891418,1.06649446487427,1.0644782781601,2.74619317054749,1.04734027385712,1.06704699993134,2.49488091468811,1.02858090400696,1.06882226467133,2.06944727897644,1.02735269069672,1.06773769855499,0,1,1,7.54674577713013,1.39346098899841,1.00293278694153,7.90525436401367,1.39262986183167,1.00549292564392,8.13084125518799,1.39193892478943,1.00794792175293,8.20848751068115,1.38925874233246,1.01044702529907,8.20899772644043,1.38551580905914,1.0130455493927,8.13563537597656,1.38020145893097,1.01579284667969,8.01680946350098,1.37358868122101,1.0186550617218,7.85913562774658,1.36566698551178,1.02161276340485,7.66849327087402,1.35652232170105,1.02464854717255,7.45024728775024,1.34623348712921,1.02772402763367,7.20300340652466,1.33476948738098,1.0308256149292,6.94896936416626,1.31763505935669,1.03416550159454,6.71465539932251,1.28907942771912,1.03810775279999,6.48157358169556,1.25925886631012,1.0421975851059,6.24529790878296,1.23013508319855,1.04632699489594,6.00406551361084,1.20220983028412,1.05045282840729,5.76001596450806,1.17539179325104,1.05451786518097,5.51215648651123,1.14962804317474,1.05850148200989,5.26156854629517,1.12485504150391,1.06235480308533,5.00977897644043,1.10099709033966,1.06601572036743,4.75853967666626,1.07804656028748,1.0693302154541,4.511070728302,1.05570948123932,1.07212126255035,4.28143310546875,1.03366816043854,1.07373678684235,3.93718695640564,1.03287029266357,1.07258450984955,0,1,1,8.69405460357666,1.46042025089264,1.00284719467163,9.13869857788086,1.46188151836395,1.00525653362274,9.32928657531738,1.4616801738739,1.00763833522797,9.43017292022705,1.46000063419342,1.01000893115997,9.43958854675293,1.45680642127991,1.01251423358917,9.38107109069824,1.45189428329468,1.01517498493195,9.27371978759766,1.445352435112,1.01797616481781,9.12345027923584,1.43711829185486,1.02090609073639,8.93489742279053,1.42728304862976,1.02395796775818,8.71120166778564,1.41590571403503,1.02711737155914,8.46225357055664,1.39967358112335,1.0304661989212,8.23554611206055,1.36577451229095,1.03464102745056,8.00830173492432,1.32989382743835,1.03904581069946,7.77663087844849,1.29487442970276,1.0435311794281,7.54003477096558,1.26121664047241,1.04804861545563,7.29877471923828,1.22921919822693,1.05254912376404,7.05423593521118,1.19861876964569,1.05699181556702,6.80743169784546,1.16932082176208,1.06133425235748,6.55981254577637,1.14121735095978,1.06551909446716,6.31299114227295,1.11418831348419,1.06947422027588,6.0705041885376,1.08819723129272,1.07300508022308,5.83976745605469,1.06290686130524,1.07586228847504,5.64181566238403,1.03783226013184,1.07721447944641,5.35440635681152,1.03715324401855,1.07615756988525,0,1,1,9.47696685791016,1.52560460567474,1.0026843547821,9.89733695983887,1.52835536003113,1.00493991374969,10.1039876937866,1.52943110466003,1.00713205337524,10.2151308059692,1.52852606773376,1.00930631160736,10.2436180114746,1.52604329586029,1.01159369945526,10.1989116668701,1.52163064479828,1.01406717300415,10.1003494262695,1.51533699035645,1.0167270898819,9.9564208984375,1.50702750682831,1.01956129074097,9.76896286010742,1.49673366546631,1.02258205413818,9.54394435882568,1.48443353176117,1.0257523059845,9.32860279083252,1.44817793369293,1.02994430065155,9.11441898345947,1.40651071071625,1.03454911708832,8.89365386962891,1.36568367481232,1.03929924964905,8.66570949554443,1.32643985748291,1.04412865638733,8.43160247802734,1.28891801834106,1.04898226261139,8.19217395782471,1.25331509113312,1.05380654335022,7.94999408721924,1.21928334236145,1.05855190753937,7.7068338394165,1.18671250343323,1.0631697177887,7.46499347686768,1.15548729896545,1.06759691238403,7.22692918777466,1.12547552585602,1.07175171375275,7.00142621994019,1.09671056270599,1.07539200782776,6.79636287689209,1.0687530040741,1.07825016975403,6.65313243865967,1.04126250743866,1.07929062843323,6.40122938156128,1.04062652587891,1.07850193977356,0,1,1,10.0001535415649,1.59051406383514,1.00242757797241,10.3032827377319,1.59441459178925,1.00454020500183,10.5322456359863,1.59526705741882,1.00641930103302,10.6532726287842,1.59517526626587,1.00831854343414,10.6917495727539,1.59344744682312,1.010329246521,10.6579093933105,1.58956634998322,1.0125344991684,10.5657243728638,1.58359265327454,1.01497614383698,10.4251499176025,1.57530128955841,1.01764738559723,10.2370929718018,1.56461524963379,1.02057540416718,10.0349245071411,1.53524899482727,1.02429008483887,9.83856868743896,1.48814189434052,1.02891886234283,9.63399696350098,1.44160282611847,1.03379142284393,9.41911315917969,1.39684677124023,1.03882741928101,9.19570827484131,1.35403823852539,1.0439430475235,8.9651403427124,1.31307816505432,1.04907155036926,8.72934627532959,1.27410554885864,1.05414009094238,8.49400043487549,1.23684537410736,1.05908560752869,8.26049613952637,1.20123624801636,1.06388223171234,8.03220272064209,1.16719591617584,1.06846821308136,7.81222867965698,1.13458597660065,1.07276153564453,7.61039209365845,1.10344386100769,1.07652378082275,7.43784618377686,1.07330393791199,1.07946741580963,7.35062456130981,1.04383897781372,1.08040797710419,7.12232780456543,1.04327547550201,1.07991564273834,0,1,1,10.0587692260742,1.65850925445557,1.00225484371185,10.4213533401489,1.6579692363739,1.00400412082672,10.6528749465942,1.65996479988098,1.0055764913559,10.783224105835,1.66068685054779,1.00714457035065,10.8370885848999,1.65969514846802,1.00879001617432,10.8130397796631,1.65637123584747,1.01065850257874,10.7262210845947,1.65071332454681,1.01281094551086,10.5855293273926,1.64235019683838,1.01526212692261,10.4054622650146,1.62226557731628,1.01831150054932,10.2261009216309,1.57460045814514,1.02254176139832,10.0389242172241,1.52204632759094,1.02733969688416,9.83876609802246,1.47151303291321,1.03240942955017,9.62849044799805,1.42335271835327,1.0376513004303,9.4093542098999,1.37734770774841,1.04298222064972,9.1855297088623,1.33302175998688,1.04825639724731,8.96144866943359,1.29091989994049,1.05343890190125,8.74001979827881,1.25088012218475,1.05852997303009,8.52289867401123,1.21278023719788,1.06349587440491,8.31359672546387,1.17648732662201,1.06827032566071,8.11524868011475,1.14181542396545,1.0727710723877,7.94012260437012,1.10881543159485,1.07674789428711,7.80010795593262,1.07694554328918,1.07991456985474,7.76584005355835,1.04593694210052,1.08096289634705,7.52106237411499,1.04638016223907,1.08065116405487,0,1,1,9.8403491973877,1.72517871856689,1.00204861164093,10.2468729019165,1.72260618209839,1.00345695018768,10.5042037963867,1.72444927692413,1.00463902950287,10.6558647155762,1.72575449943542,1.00578117370605,10.7199611663818,1.72556972503662,1.00702929496765,10.7037439346313,1.72284340858459,1.00851595401764,10.6209774017334,1.71738612651825,1.01032567024231,10.4790105819702,1.70759451389313,1.0125390291214,10.3172359466553,1.6665278673172,1.01602017879486,10.1506471633911,1.60802447795868,1.02045118808746,9.96842765808105,1.55082643032074,1.02532804012299,9.77398490905762,1.49639534950256,1.03046035766602,9.57067775726318,1.4446667432785,1.03575563430786,9.36150360107422,1.39540314674377,1.04113554954529,9.15120697021484,1.34848618507385,1.04652380943298,8.93996715545654,1.30418586730957,1.05190932750702,8.73332405090332,1.26210808753967,1.05722296237946,8.53306579589844,1.22210764884949,1.06242597103119,8.34199237823486,1.18404626846313,1.06746459007263,8.16344261169434,1.14771616458893,1.07225799560547,8.01188659667969,1.1131751537323,1.07654297351837,7.90270757675171,1.07991337776184,1.0800154209137,7.91325092315674,1.0468522310257,1.08115434646606,7.70720767974854,1.04927933216095,1.08105576038361,0,1,1,9.46572208404541,1.78411054611206,1.00170791149139,9.84509086608887,1.78644728660583,1.00282335281372,10.1261157989502,1.78902924060822,1.00358593463898,10.2968692779541,1.79106950759888,1.00427234172821,10.3748941421509,1.79160702228546,1.00505697727203,10.3643684387207,1.78945314884186,1.00612163543701,10.283411026001,1.78405582904816,1.00755536556244,10.1487550735474,1.75941753387451,1.00989842414856,10.001184463501,1.70193827152252,1.01364004611969,9.84114265441895,1.63726651668549,1.01811623573303,9.66417217254639,1.57589197158813,1.02302241325378,9.47801113128662,1.51789128780365,1.02817511558533,9.28381061553955,1.46305620670319,1.03352117538452,9.0852575302124,1.41114854812622,1.03899490833282,8.88429069519043,1.36197221279144,1.04455721378326,8.68636798858643,1.31571865081787,1.05013620853424,8.49234771728516,1.27182912826538,1.05569732189178,8.3062105178833,1.23013234138489,1.06117367744446,8.13152503967285,1.19048774242401,1.06650137901306,7.97391986846924,1.15273082256317,1.07157969474792,7.84487056732178,1.11684036254883,1.07619249820709,7.76375532150269,1.08237135410309,1.08001005649567,7.65282821655273,1.06937313079834,1.08084583282471,7.61300420761108,1.05980575084686,1.08116829395294,0,1,1,8.81577110290527,1.85072946548462,1.00142192840576,9.22646236419678,1.85129976272583,1.00214195251465,9.53998756408691,1.8540027141571,1.00243043899536,9.73357772827148,1.85673880577087,1.00260734558105,9.82602882385254,1.85807812213898,1.0028840303421,9.82009506225586,1.85646975040436,1.00348973274231,9.73974227905273,1.8479038476944,1.00461673736572,9.61543273925781,1.80441117286682,1.00718986988068,9.47569751739502,1.73332953453064,1.01114940643311,9.32005023956299,1.66381978988647,1.01564621925354,9.14921379089355,1.59878969192505,1.02057564258575,8.96745872497559,1.53765165805817,1.02580535411835,8.78009033203125,1.48007452487946,1.03125214576721,8.58906555175781,1.42574858665466,1.0368709564209,8.39666080474854,1.37440586090088,1.04261779785156,8.20881938934326,1.32622444629669,1.04842042922974,8.02762603759766,1.28055727481842,1.05421793460846,7.85681962966919,1.23725414276123,1.05994665622711,7.69992733001709,1.19611406326294,1.06553852558136,7.56039428710938,1.15696573257446,1.07092392444611,7.45732069015503,1.11997807025909,1.07582151889801,7.40266036987305,1.08443677425385,1.07998979091644,7.31877613067627,1.07311642169952,1.08091354370117,7.3093729019165,1.06481575965881,1.08136117458344,0,1,1,7.9495325088501,1.91752672195435,1.00111877918243,8.41941356658936,1.91610932350159,1.00139188766479,8.77101612091064,1.91931688785553,1.00115597248077,8.98655796051025,1.92276298999786,1.00078785419464,9.09198570251465,1.92499232292175,1.00052165985107,9.08826160430908,1.92399454116821,1.00064706802368,9.00789165496826,1.90438270568848,1.00170290470123,8.8918981552124,1.83970141410828,1.00460851192474,8.75482368469238,1.76225054264069,1.00860583782196,8.59914112091064,1.68864274024963,1.01315093040466,8.43076038360596,1.62033605575562,1.01814711093903,8.25201034545898,1.55629730224609,1.0234831571579,8.06828689575195,1.49611043930054,1.02907884120941,7.88252925872803,1.43941760063171,1.03487932682037,7.69903898239136,1.38593673706055,1.04081654548645,7.52231502532959,1.33583247661591,1.04683566093445,7.35466909408569,1.28841435909271,1.05286419391632,7.20001554489136,1.24353587627411,1.05883467197418,7.06163454055786,1.20099341869354,1.06468260288239,6.9452977180481,1.16069149971008,1.07031416893005,6.86421632766724,1.12263154983521,1.07552623748779,6.84058523178101,1.08632183074951,1.07997524738312,6.73108434677124,1.07733654975891,1.08347368240356,6.65721273422241,1.07139909267426,1.08592128753662,0,1,1,6.92010354995728,1.98120355606079,1.00077271461487,7.43597936630249,1.98117661476135,1.00058472156525,7.83060789108276,1.98471534252167,0.999783098697662,8.07011032104492,1.99078762531281,0.999296069145203,8.18599510192871,1.99591064453125,0.999271929264069,8.18062210083008,1.99375402927399,0.999148368835449,8.09728622436523,1.95680665969849,0.999722182750702,7.98479270935059,1.87210834026337,1.00223827362061,7.84465360641479,1.78949987888336,1.00609588623047,7.68658113479614,1.71228265762329,1.0107090473175,7.51618480682373,1.64088869094849,1.01582360267639,7.33804607391357,1.57402336597443,1.02130568027496,7.15780687332153,1.51123571395874,1.02707040309906,6.97859191894531,1.45216298103333,1.03305745124817,6.80475616455078,1.39653062820435,1.03919363021851,6.64111757278442,1.34447741508484,1.0454204082489,6.48991823196411,1.29537510871887,1.05165755748749,6.35322999954224,1.24902164936066,1.05785536766052,6.23551225662231,1.20521366596222,1.06393504142761,6.14305114746094,1.16383719444275,1.06979489326477,6.08727693557739,1.12489378452301,1.0752660036087,6.09055519104004,1.08791935443878,1.08001482486725,5.96622562408447,1.07890009880066,1.09239089488983,5.88144779205322,1.07285571098328,1.10096573829651,0,1,1,5.67463445663452,2.0983521938324,1.00293469429016,6.21470355987549,2.11049556732178,1.00631761550903,6.61681747436523,2.11880707740784,1.00998377799988,6.85620784759521,2.12200140953064,1.01372015476227,6.96732234954834,2.12013554573059,1.01739287376404,6.95721054077148,2.10473442077637,1.02095019817352,6.87828350067139,2.03443574905396,1.02515137195587,6.76636028289795,1.93523490428925,1.02993035316467,6.63344430923462,1.84183263778687,1.03477883338928,6.48275327682495,1.75546526908875,1.03962540626526,6.32163238525391,1.67642295360565,1.04446065425873,6.15752029418945,1.60298943519592,1.04929172992706,5.99353361129761,1.53457820415497,1.05412530899048,5.83408403396606,1.47074019908905,1.05897867679596,5.68223857879639,1.4111076593399,1.0638667345047,5.54192399978638,1.35584473609924,1.06881165504456,5.41544437408447,1.30408310890198,1.07382869720459,5.3045072555542,1.25556540489197,1.07893073558807,5.21443223953247,1.21006321907043,1.08414900302887,5.14709711074829,1.16731035709381,1.08949840068817,5.11769819259644,1.1273285150528,1.0950665473938,5.14635133743286,1.08951508998871,1.10096609592438,4.98170757293701,1.08015847206116,1.10747694969177,4.86977338790894,1.07397568225861,1.11160671710968,0,1,1,4.07211637496948,2.24812507629395,1.00649654865265,4.63427734375,2.25438165664673,1.01351261138916,5.03589868545532,2.25464057922363,1.02083611488342,5.27346849441528,2.25018048286438,1.02824020385742,5.37949657440186,2.24071836471558,1.03556597232819,5.35438013076782,2.21051621437073,1.04266142845154,5.27340793609619,2.10380029678345,1.04989016056061,5.16242504119873,1.99293947219849,1.05705523490906,5.03127336502075,1.89065384864807,1.06410121917725,4.88480615615845,1.79668605327606,1.0710175037384,4.73512935638428,1.7110960483551,1.07783114910126,4.58620882034302,1.63185453414917,1.08457207679749,4.44218826293945,1.55836129188538,1.09126591682434,4.30559825897217,1.49009871482849,1.09793388843536,4.17890548706055,1.42663836479187,1.1045982837677,4.06746816635132,1.36821913719177,1.11129152774811,3.97020387649536,1.31377422809601,1.11802506446838,3.88772344589233,1.26297152042389,1.12481129169464,3.82506942749023,1.21555197238922,1.13168525695801,3.78399062156677,1.17119824886322,1.13866448402405,3.77709126472473,1.12989246845245,1.14582467079163,3.82686638832092,1.09111475944519,1.1533066034317,3.7274112701416,1.08120393753052,1.13216602802277,3.65724849700928,1.0747389793396,1.11732625961304,0,1,1,2.23512578010559,2.25400829315186,1.00684082508087,2.84807968139648,2.25927734375,1.01426029205322,3.24674034118652,2.258380651474,1.02197253704071,3.49455666542053,2.25336503982544,1.02980160713196,3.61600637435913,2.24422144889832,1.03757655620575,3.60465168952942,2.21512508392334,1.04497349262238,3.5287971496582,2.10768961906433,1.05155944824219,3.42388653755188,1.99695646762848,1.05776393413544,3.29892587661743,1.8946977853775,1.06368899345398,3.16125965118408,1.80056607723236,1.06937122344971,3.02216339111328,1.71454632282257,1.07484328746796,2.88762187957764,1.6347473859787,1.08017528057098,2.76030492782593,1.56063330173492,1.08539974689484,2.64174747467041,1.49176406860352,1.09054410457611,2.53632235527039,1.42778861522675,1.09564912319183,2.44391417503357,1.3689101934433,1.10072195529938,2.36582684516907,1.31412017345428,1.10579860210419,2.30368971824646,1.26309680938721,1.11090075969696,2.25865030288696,1.21548616886139,1.11604559421539,2.23390769958496,1.17103457450867,1.12126183509827,2.24005651473999,1.1297664642334,1.1266120672226,2.29637432098389,1.09101033210754,1.13222026824951,2.28616905212402,1.08149099349976,1.1251323223114,2.27756428718567,1.07517719268799,1.12017595767975,0,1,1,0.352931976318359,2.25955891609192,1.00717186927795,1.04128181934357,2.26397514343262,1.01499998569489,1.45470941066742,2.26229929924011,1.02312636375427,1.7130218744278,2.25645518302917,1.03138053417206,1.84680724143982,2.24760842323303,1.03960943222046,1.83953583240509,2.2195827960968,1.04728209972382,1.76684772968292,2.11096930503845,1.05312895774841,1.66269659996033,2.00056958198547,1.05826926231384,1.53961479663849,1.8985048532486,1.06295776367188,1.40849792957306,1.80427443981171,1.06728208065033,1.27953314781189,1.71778810024261,1.07127869129181,1.15990424156189,1.63734996318817,1.07505941390991,1.04922795295715,1.56252658367157,1.07865881919861,0.951622366905212,1.49302899837494,1.08212995529175,0.865353584289551,1.42848598957062,1.08549404144287,0.795797228813171,1.36919522285461,1.08878767490387,0.738758206367493,1.31411874294281,1.09203350543976,0.696726977825165,1.26289892196655,1.09526133537292,0.669797658920288,1.21520721912384,1.0984867811203,0.662166714668274,1.17067837715149,1.10174298286438,0.680956959724426,1.12946105003357,1.1050751209259,0.744388937950134,1.09081184864044,1.10860323905945,0.757589042186737,1.0815258026123,1.11505544185638,0.765922546386719,1.0753208398819,1.11957728862762,0,1,1,-1.5314838886261,2.26546359062195,1.00750756263733,-0.767281174659729,2.26841282844543,1.01574862003326,-0.34220626950264,2.26553463935852,1.02428483963013,-0.0735932141542435,2.25930166244507,1.03297245502472,0.06968142837286,2.25088691711426,1.04165899753571,0.0627418011426926,2.22397017478943,1.04966461658478,-0.0128453141078353,2.11489295959473,1.05513024330139,-0.122762501239777,2.00536203384399,1.05968654155731,-0.249858930706978,1.90377867221832,1.06366372108459,-0.378459990024567,1.80941414833069,1.06718456745148,-0.497619152069092,1.72222256660461,1.07029318809509,-0.601680994033813,1.64084351062775,1.07312893867493,-0.692349910736084,1.56507468223572,1.0757372379303,-0.769416928291321,1.494704246521,1.07816565036774,-0.831256091594696,1.42947399616241,1.08046269416809,-0.878611147403717,1.36969172954559,1.08263766765594,-0.912781119346619,1.31425452232361,1.08473694324493,-0.933468639850616,1.26278209686279,1.08678245544434,-0.940959811210632,1.21495163440704,1.08879113197327,-0.932338118553162,1.17037856578827,1.09079051017761,-0.899032235145569,1.12917876243591,1.09283101558685,-0.828378260135651,1.09060037136078,1.09500622749329,-0.81523597240448,1.08132910728455,1.10338294506073,-0.806283473968506,1.07516002655029,1.10929274559021,0,1,1,-3.25634551048279,2.27097845077515,1.00790870189667,-2.5768129825592,2.27263355255127,1.01650595664978,-2.14153575897217,2.26889038085938,1.02545714378357,-1.86488175392151,2.26212525367737,1.03457868099213,-1.71765875816345,2.25361323356628,1.04371213912964,-1.72657907009125,2.22846579551697,1.05217087268829,-1.81595194339752,2.12086391448975,1.05794095993042,-1.94000732898712,2.01297736167908,1.06276142597198,-2.07554936408997,1.91207921504974,1.06695997714996,-2.20293569564819,1.81731641292572,1.07066774368286,-2.31111216545105,1.72887861728668,1.07392871379852,-2.39755725860596,1.64602029323578,1.07689929008484,-2.46566247940063,1.5688613653183,1.07963514328003,-2.51673936843872,1.49733066558838,1.08218991756439,-2.55330395698547,1.4311900138855,1.08459961414337,-2.57601976394653,1.3707320690155,1.08687663078308,-2.58711051940918,1.31480276584625,1.08906698226929,-2.58635807037354,1.26301229000092,1.0911945104599,-2.57339930534363,1.21494197845459,1.09327733516693,-2.54683232307434,1.1702446937561,1.09533822536469,-2.4996702671051,1.12903213500977,1.09742057323456,-2.42218971252441,1.09042179584503,1.09959530830383,-2.40946435928345,1.08112704753876,1.10235440731049,-2.40020418167114,1.07495677471161,1.10429155826569,0,1,1,-4.98562002182007,2.27654623985291,1.00831544399261,-4.38335132598877,2.2775285243988,1.01727902889252,-3.94568967819214,2.27261924743652,1.0266432762146,-3.6589879989624,2.26466155052185,1.0361989736557,-3.50731515884399,2.2562940120697,1.04579317569733,-3.53175354003906,2.23240256309509,1.05467593669891,-3.64441442489624,2.12684178352356,1.06075119972229,-3.79009628295898,2.02092862129211,1.06583631038666,-3.93845295906067,1.92076003551483,1.07025361061096,-4.06434202194214,1.82524263858795,1.07413983345032,-4.15690755844116,1.73509764671326,1.07754802703857,-4.22052192687988,1.65047025680542,1.08065211772919,-4.2620096206665,1.571817278862,1.0835155248642,-4.28649520874023,1.49914002418518,1.08618676662445,-4.29738855361938,1.43216240406036,1.08870315551758,-4.29472398757935,1.37114608287811,1.09108281135559,-4.28134489059448,1.31485593318939,1.09337162971497,-4.25900363922119,1.26281976699829,1.09558153152466,-4.22606182098389,1.21461772918701,1.09773910045624,-4.18182563781738,1.16990530490875,1.09986555576324,-4.12256050109863,1.12870907783508,1.10198199748993,-4.03741073608398,1.09016668796539,1.10416758060455,-4.02409887313843,1.08091306686401,1.10472643375397,-4.01541614532471,1.07472383975983,1.10509634017944,0,1,1,-6.80343198776245,2.28338503837585,1.00869560241699,-6.20471477508545,2.2828471660614,1.01805675029755,-5.74723100662231,2.27570199966431,1.02784085273743,-5.46162700653076,2.26682567596436,1.03781974315643,-5.31619024276733,2.25828957557678,1.04784774780273,-5.35785531997681,2.23585367202759,1.05716347694397,-5.49871492385864,2.1328592300415,1.06356012821198,-5.67719745635986,2.02937722206116,1.06890523433685,-5.84174871444702,1.92975831031799,1.07353377342224,-5.96293163299561,1.83279871940613,1.0775830745697,-6.0329966545105,1.74036622047424,1.08112871646881,-6.06835603713989,1.65376698970795,1.08436274528503,-6.08067178726196,1.57364439964294,1.08734941482544,-6.07674074172974,1.49995791912079,1.0901380777359,-6.06001567840576,1.43230628967285,1.09276819229126,-6.03166770935059,1.37091755867004,1.09525525569916,-5.99556684494019,1.31439697742462,1.09763634204865,-5.95184278488159,1.26224648952484,1.09993267059326,-5.89954233169556,1.21405446529388,1.10217034816742,-5.83886480331421,1.16936528682709,1.10435879230499,-5.76656436920166,1.12824642658234,1.10652029514313,-5.67565631866455,1.08990657329559,1.10871887207031,-5.66148471832275,1.08062040805817,1.10926806926727,-5.65218639373779,1.07446312904358,1.10963726043701,0,1,1,-8.69376468658447,2.29112195968628,1.00905883312225,-8.02092838287354,2.28743457794189,1.01884186267853,-7.56878709793091,2.27912378311157,1.02903151512146,-7.27437877655029,2.26904845237732,1.03944361209869,-7.13325309753418,2.26001834869385,1.04990684986115,-7.1995735168457,2.23870706558228,1.05964052677155,-7.38607740402222,2.13891816139221,1.06634318828583,-7.60584688186646,2.03813076019287,1.07194745540619,-7.78631973266602,1.93854081630707,1.076775431633,-7.89163064956665,1.83906841278076,1.08097577095032,-7.92965173721313,1.74388861656189,1.08465433120728,-7.93321514129639,1.65537679195404,1.08801376819611,-7.91594171524048,1.57404887676239,1.0911203622818,-7.88311338424683,1.49962913990021,1.09403049945831,-7.8396167755127,1.43158078193665,1.09677720069885,-7.78693914413452,1.36998474597931,1.09936928749084,-7.72820425033569,1.31338953971863,1.10184931755066,-7.66336536407471,1.26129603385925,1.1042423248291,-7.59373331069946,1.21318113803864,1.10655462741852,-7.51740980148315,1.16866040229797,1.1088148355484,-7.43276119232178,1.12769973278046,1.11102724075317,-7.33430814743042,1.08949744701385,1.11324656009674,-7.32033014297485,1.08027899265289,1.11378931999207,-7.31082057952881,1.07416009902954,1.11415636539459,0,1,1,-10.5903234481812,2.29894876480103,1.00942707061768,-9.83549690246582,2.29143214225769,1.01963353157043,-9.39780712127686,2.28223896026611,1.03022384643555,-9.10334396362305,2.27110266685486,1.04105353355408,-8.96601295471191,2.26136064529419,1.05194664001465,-9.06533527374268,2.24106574058533,1.06207942962646,-9.31065845489502,2.14480710029602,1.06907653808594,-9.57852077484131,2.0466103553772,1.07492983341217,-9.76377868652344,1.94577872753143,1.0799435377121,-9.83628845214844,1.84248733520508,1.0842752456665,-9.8378849029541,1.74479138851166,1.08808386325836,-9.80978965759277,1.65490698814392,1.09157168865204,-9.76292514801025,1.57285821437836,1.0948086977005,-9.70349407196045,1.49808895587921,1.09784114360809,-9.63441467285156,1.4299054145813,1.10070860385895,-9.5596809387207,1.36834156513214,1.10340738296509,-9.47897434234619,1.31186628341675,1.10599660873413,-9.39513111114502,1.25993120670319,1.10848379135132,-9.30773639678955,1.21204400062561,1.11088895797729,-9.2165002822876,1.16771054267883,1.11322164535522,-9.12067413330078,1.12702775001526,1.11549484729767,-9.01604461669922,1.08904445171356,1.11773943901062,-9.00162696838379,1.07988929748535,1.11828100681305,-8.99183940887451,1.07379984855652,1.11864674091339,0,1,1,-12.4686145782471,2.30543565750122,1.00979900360107,-11.7032518386841,2.29655885696411,1.02040231227875,-11.2380609512329,2.28539490699768,1.0314154624939,-10.9473428726196,2.27349638938904,1.04266250133514,-10.8250570297241,2.26296544075012,1.05395543575287,-10.9658002853394,2.24314975738525,1.06444990634918,-11.28111743927,2.15043592453003,1.07172250747681,-11.5815162658691,2.05277800559998,1.07780468463898,-11.7451219558716,1.94821739196777,1.08296716213226,-11.7792406082153,1.84158766269684,1.08742964267731,-11.7502431869507,1.74263095855713,1.0913770198822,-11.6944017410278,1.6522216796875,1.09500336647034,-11.6213722229004,1.57000231742859,1.09837532043457,-11.5371370315552,1.49528658390045,1.10154032707214,-11.445629119873,1.42725849151611,1.1045286655426,-11.348461151123,1.36594557762146,1.10735201835632,-11.2485961914062,1.30976152420044,1.11005067825317,-11.1466054916382,1.25812935829163,1.11264288425446,-11.0430498123169,1.21054792404175,1.11514341831207,-10.9383611679077,1.16654646396637,1.11756014823914,-10.831672668457,1.12621164321899,1.1199072599411,-10.7205286026001,1.0885351896286,1.12219560146332,-10.7052764892578,1.07943475246429,1.12273800373077,-10.6949806213379,1.07338571548462,1.12310540676117,0,1,1,-14.2244892120361,2.30623698234558,1.01020216941833,-13.5351114273071,2.29956436157227,1.02119159698486,-13.0877742767334,2.28868913650513,1.0326110124588,-12.8160562515259,2.2759690284729,1.0442453622818,-12.7172832489014,2.26529598236084,1.0559309720993,-12.91490650177,2.24632573127747,1.06675541400909,-13.2957983016968,2.15523982048035,1.07425487041473,-13.5830984115601,2.05322241783142,1.08049356937408,-13.7093772888184,1.94453430175781,1.08579432964325,-13.7185564041138,1.83688044548035,1.09041154384613,-13.6656322479248,1.7378613948822,1.09451580047607,-13.585841178894,1.64761412143707,1.09829258918762,-13.4896240234375,1.56570601463318,1.10180997848511,-13.383415222168,1.49136006832123,1.10511207580566,-13.2708110809326,1.42376172542572,1.10823512077332,-13.1542701721191,1.36288726329803,1.11118459701538,-13.0359592437744,1.30713880062103,1.11400556564331,-12.9173440933228,1.25592994689941,1.11671125888824,-12.7989320755005,1.20877778530121,1.11931931972504,-12.6813945770264,1.16517639160156,1.12183141708374,-12.5647401809692,1.12519836425781,1.12425577640533,-12.4474506378174,1.08794939517975,1.12661051750183,-12.4311628341675,1.07892441749573,1.1271585226059,-12.420428276062,1.07293772697449,1.12753093242645,0,1,1,-16.0543212890625,2.30891370773315,1.0105859041214,-15.4016809463501,2.3040509223938,1.02197468280792,-14.9606027603149,2.2926185131073,1.03380072116852,-14.7091760635376,2.27939438819885,1.04582679271698,-14.6579723358154,2.26944613456726,1.05787420272827,-14.9584541320801,2.25394129753113,1.06899356842041,-15.3420114517212,2.1581392288208,1.07665479183197,-15.5857877731323,2.04965567588806,1.0830100774765,-15.6739473342896,1.93778896331787,1.08845150470734,-15.6604032516479,1.82983863353729,1.09323108196259,-15.5864162445068,1.73124778270721,1.09749734401703,-15.4853916168213,1.64158594608307,1.10143339633942,-15.368371963501,1.56029450893402,1.10510349273682,-15.2420454025269,1.48656678199768,1.10855257511139,-15.110315322876,1.41957414150238,1.11181700229645,-14.9758977890015,1.35929036140442,1.11490321159363,-14.8410844802856,1.3040919303894,1.11785268783569,-14.7071971893311,1.25341260433197,1.12068259716034,-14.5750188827515,1.20676171779633,1.12340831756592,-14.4459161758423,1.16367018222809,1.12603199481964,-14.3195905685425,1.12408685684204,1.12854564189911,-14.196572303772,1.08721995353699,1.13096714019775,-14.1797094345093,1.0783314704895,1.13153171539307,-14.1683073043823,1.07242023944855,1.13191556930542,0,1,1,-17.970401763916,2.31520795822144,1.01095736026764,-17.2820644378662,2.30870914459229,1.02275550365448,-16.8492450714111,2.29616165161133,1.03497815132141,-16.6381664276123,2.28342914581299,1.04737770557404,-16.6595077514648,2.27606534957886,1.05978775024414,-17.0522212982178,2.26161289215088,1.07114672660828,-17.4034042358398,2.15841865539551,1.07892298698425,-17.5959568023682,2.04380536079407,1.08537936210632,-17.6477718353271,1.92950212955475,1.09095513820648,-17.609203338623,1.82141208648682,1.09589838981628,-17.5146408081055,1.7234433889389,1.10032939910889,-17.3939228057861,1.63454163074493,1.10442626476288,-17.2577438354492,1.55403745174408,1.1082535982132,-17.1128768920898,1.48108947277069,1.11185765266418,-16.9636611938477,1.41484987735748,1.11527287960052,-16.8129501342773,1.35524141788483,1.11850130558014,-16.6631698608398,1.3006979227066,1.1215900182724,-16.5154838562012,1.25062990188599,1.12455415725708,-16.3712100982666,1.20453727245331,1.12740445137024,-16.2309913635254,1.16196095943451,1.13014769554138,-16.0962657928467,1.1229145526886,1.13277590274811,-15.9675817489624,1.08652055263519,1.1352903842926,-15.9499969482422,1.07769894599915,1.13586616516113,-15.9381303787231,1.07181394100189,1.13625419139862,0,1,1,-19.8874168395996,2.32109808921814,1.01133227348328,-19.1560668945312,2.31251883506775,1.02354156970978,-18.7657470703125,2.30058979988098,1.03614938259125,-18.6021041870117,2.28867435455322,1.04892134666443,-18.7212505340576,2.28418231010437,1.0616512298584,-19.1678314208984,2.26693248748779,1.07319533824921,-19.4720573425293,2.15585160255432,1.0810534954071,-19.614538192749,2.03615164756775,1.08760488033295,-19.6310958862305,1.91999804973602,1.09331059455872,-19.5674629211426,1.81186866760254,1.09840714931488,-19.4524669647217,1.7145961523056,1.10299968719482,-19.3126392364502,1.62656056880951,1.10725951194763,-19.1583976745605,1.54696249961853,1.11124873161316,-18.996768951416,1.47489440441132,1.11501014232635,-18.8315734863281,1.40947425365448,1.11857891082764,-18.6662445068359,1.35066068172455,1.12196028232574,-18.5027885437012,1.29684174060822,1.12519693374634,-18.3430461883545,1.24745678901672,1.12830364704132,-18.1875133514404,1.20198369026184,1.13129186630249,-18.0377960205078,1.15999555587769,1.13416695594788,-17.8958568572998,1.12150239944458,1.1369172334671,-17.7620697021484,1.08563625812531,1.13954317569733,-17.7425804138184,1.0769259929657,1.14014089107513,-17.7296390533447,1.07112777233124,1.140545129776,0,1,1,-21.8258895874023,2.32784152030945,1.01170837879181,-21.0720806121826,2.3184666633606,1.02432870864868,-20.7021255493164,2.30528712272644,1.03731489181519,-20.6083145141602,2.29472684860229,1.05043506622314,-20.8307476043701,2.29308366775513,1.06347548961639,-21.2930297851562,2.26976561546326,1.07514834403992,-21.5459842681885,2.1513397693634,1.08307111263275,-21.6409225463867,2.02751541137695,1.08971476554871,-21.6235694885254,1.90994262695312,1.09554505348206,-21.5343723297119,1.80185782909393,1.10078978538513,-21.3990230560303,1.70527732372284,1.10553824901581,-21.2407894134521,1.6181253194809,1.10995829105377,-21.0695247650146,1.53946363925934,1.1141095161438,-20.8921298980713,1.46832072734833,1.11803245544434,-20.7121162414551,1.40378701686859,1.12176275253296,-20.5335826873779,1.34579229354858,1.12530040740967,-20.3582439422607,1.29275262355804,1.12869191169739,-20.1875419616699,1.2440732717514,1.13194859027863,-20.0227031707764,1.19926857948303,1.13508248329163,-19.8643321990967,1.15788769721985,1.13809978961945,-19.7155055999756,1.11996042728424,1.14098560810089,-19.5766944885254,1.08460223674774,1.14373207092285,-19.7453212738037,1.07117474079132,1.1445107460022,-20.0760288238525,1.06093454360962,1.14546728134155,0,1,1,-23.705738067627,2.33066892623901,1.0120884180069,-22.9909687042236,2.32336211204529,1.02511036396027,-22.6686592102051,2.31080079078674,1.03847515583038,-22.6547508239746,2.30187273025513,1.05193603038788,-22.9733715057373,2.30150413513184,1.06524837017059,-23.4222087860107,2.27025270462036,1.07700896263123,-23.6234455108643,2.14531564712524,1.08498668670654,-23.6740913391113,2.01821208000183,1.09172081947327,-23.6238288879395,1.8995589017868,1.09767150878906,-23.5098114013672,1.79157781600952,1.10305404663086,-23.3536262512207,1.69570660591125,1.10795843601227,-23.177339553833,1.60944700241089,1.11253845691681,-22.9900932312012,1.53173339366913,1.11685121059418,-22.797737121582,1.46152496337891,1.12093818187714,-22.6047267913818,1.39789426326752,1.12482976913452,-22.4143123626709,1.3407484292984,1.12853002548218,-22.2283344268799,1.28849101066589,1.13208031654358,-22.0483493804932,1.24056255817413,1.13549625873566,-21.8751964569092,1.19644570350647,1.13878583908081,-21.7097663879395,1.15570211410522,1.14195442199707,-21.5548725128174,1.11834990978241,1.14498662948608,-21.4118003845215,1.08352088928223,1.14786744117737,-21.5681495666504,1.06670355796814,1.14861631393433,-21.9156112670898,1.05420994758606,1.14963793754578,0,1,1,-25.4967670440674,2.18034601211548,1.01163494586945,-24.8463096618652,2.17456817626953,1.02411460876465,-24.5463218688965,2.16505479812622,1.03694415092468,-24.5429611206055,2.15698003768921,1.04984200000763,-24.8401470184326,2.1553053855896,1.06262063980103,-25.2830696105957,2.14332413673401,1.07460248470306,-25.528881072998,2.06704497337341,1.08391761779785,-25.5846309661865,1.9514616727829,1.0908762216568,-25.538724899292,1.84100306034088,1.09697663784027,-25.4276847839355,1.73967278003693,1.10249054431915,-25.2717571258545,1.64923667907715,1.1075199842453,-25.0938453674316,1.56760513782501,1.11222183704376,-24.9031162261963,1.49387216567993,1.11665606498718,-24.7064590454102,1.42713379859924,1.12086391448975,-24.5079231262207,1.36653923988342,1.12487769126892,-24.3114395141602,1.31203198432922,1.12869989871979,-24.1188163757324,1.26212871074677,1.13237404823303,-23.931676864624,1.21630585193634,1.13591539859772,-23.750997543335,1.17409634590149,1.13933479785919,-23.5775184631348,1.13508462905884,1.14263796806335,-23.4142093658447,1.09932613372803,1.14581727981567,-23.2602272033691,1.06602716445923,1.14888048171997,-23.1180934906006,1.03491842746735,1.1518087387085,-23.0752410888672,1.04418015480042,1.15266215801239,0,1,1,-27.027530670166,2.03170561790466,1.01117491722107,-26.3907012939453,2.02763891220093,1.02314186096191,-26.1081237792969,2.01873469352722,1.0354129076004,-26.1263942718506,2.01217794418335,1.0477557182312,-26.4157104492188,2.00979518890381,1.05998611450195,-26.8430404663086,2.00374245643616,1.07172429561615,-27.1300468444824,1.9786319732666,1.08256578445435,-27.1939125061035,1.90735697746277,1.09115409851074,-27.1237468719482,1.80757939815521,1.09770929813385,-26.9869594573975,1.7125563621521,1.10353934764862,-26.806360244751,1.62668538093567,1.10884094238281,-26.604528427124,1.54881775379181,1.11380398273468,-26.3912487030029,1.47829449176788,1.11849284172058,-26.1732616424561,1.41434013843536,1.12295126914978,-25.9547424316406,1.35620927810669,1.12721455097198,-25.739990234375,1.30387663841248,1.13128566741943,-25.5303001403809,1.25593972206116,1.13520956039429,-25.3274917602539,1.21191000938416,1.13900089263916,-25.1322956085205,1.17134046554565,1.14267086982727,-24.9462108612061,1.13386762142181,1.14622759819031,-24.7713394165039,1.09948897361755,1.1496559381485,-24.6079654693604,1.06748867034912,1.15296447277069,-24.4604511260986,1.03762221336365,1.15612494945526,-24.0755195617676,1.04336142539978,1.15576946735382,0,1,1,-28.1483268737793,1.88024485111237,1.01069641113281,-27.5296764373779,1.8786119222641,1.02215468883514,-27.2861042022705,1.8725289106369,1.0338876247406,-27.3311653137207,1.8671612739563,1.04567050933838,-27.624490737915,1.86440980434418,1.057337641716,-28.0375995635986,1.85851871967316,1.06859350204468,-28.3418579101562,1.8409423828125,1.07921755313873,-28.4353275299072,1.80905890464783,1.08908748626709,-28.3471164703369,1.75281429290771,1.09749686717987,-28.1789455413818,1.67280602455139,1.10403025150299,-27.9681205749512,1.59432232379913,1.10973632335663,-27.7373180389404,1.52209210395813,1.11505770683289,-27.4967708587646,1.4561630487442,1.12008380889893,-27.2531814575195,1.39610207080841,1.12487077713013,-27.0114479064941,1.34134662151337,1.12945520877838,-26.7752895355225,1.29194223880768,1.13384652137756,-26.5461406707764,1.24663901329041,1.13809180259705,-26.3257217407227,1.204998254776,1.14220666885376,-26.1148052215576,1.16661596298218,1.14620316028595,-25.9148826599121,1.13115811347961,1.15008926391602,-25.7278442382812,1.09861266613007,1.15384829044342,-25.5550937652588,1.06834483146667,1.15748870372772,-25.080904006958,1.05657732486725,1.15835094451904,-24.6573009490967,1.0480260848999,1.15830755233765,0,1,1,-28.7826862335205,1.73143935203552,1.01023769378662,-28.190336227417,1.73139905929565,1.02118945121765,-27.9799995422363,1.72650980949402,1.03237819671631,-28.0622806549072,1.72246074676514,1.04360580444336,-28.3694858551025,1.71948802471161,1.05470287799835,-28.7768459320068,1.71349358558655,1.06543231010437,-29.0909442901611,1.69877171516418,1.07563555240631,-29.2215976715088,1.67326724529266,1.08520793914795,-29.1651401519775,1.63895964622498,1.09416425228119,-28.957052230835,1.59942066669464,1.10261607170105,-28.6844444274902,1.54384315013885,1.10961663722992,-28.4137306213379,1.48145425319672,1.11552703380585,-28.1371841430664,1.42279577255249,1.12104916572571,-27.8610191345215,1.36861824989319,1.12629449367523,-27.5887870788574,1.31883430480957,1.13132524490356,-27.3259124755859,1.27368009090424,1.13615489006042,-27.0725612640381,1.23216044902802,1.14084088802338,-26.8305282592773,1.19392514228821,1.14540064334869,-26.6007041931152,1.1586480140686,1.14984893798828,-26.384256362915,1.12603569030762,1.1541942358017,-26.1844825744629,1.09612834453583,1.15842521190643,-26.0014362335205,1.06830334663391,1.16253995895386,-25.5543746948242,1.0587112903595,1.16263020038605,-25.23215675354,1.05114424228668,1.16123068332672,0,1,1,-28.8202629089355,1.58566725254059,1.00979459285736,-28.2201919555664,1.58385956287384,1.02022767066956,-28.0601825714111,1.58090233802795,1.03088581562042,-28.1854438781738,1.5776778459549,1.04155170917511,-28.5205631256104,1.57496178150177,1.05208659172058,-28.9305591583252,1.56899929046631,1.06227648258209,-29.2520027160645,1.5561740398407,1.0720077753067,-29.4090709686279,1.53524518013,1.08120656013489,-29.3925304412842,1.50736057758331,1.08986926078796,-29.2300262451172,1.4750075340271,1.09807324409485,-28.9430294036865,1.44060468673706,1.10591697692871,-28.589693069458,1.40583479404449,1.11349487304688,-28.2348403930664,1.36611950397491,1.12031078338623,-27.9079418182373,1.32232809066772,1.12630987167358,-27.5917320251465,1.28071939945221,1.13201153278351,-27.2887668609619,1.24236798286438,1.13749432563782,-26.999885559082,1.20684444904327,1.14283263683319,-26.7262573242188,1.17398273944855,1.14805507659912,-26.4688358306885,1.14358115196228,1.15318059921265,-26.2293224334717,1.11545348167419,1.15822291374207,-26.0112171173096,1.08965790271759,1.16317582130432,-25.8158512115479,1.06573116779327,1.16804158687592,-25.5179691314697,1.060795545578,1.16690075397491,-25.6397342681885,1.05650365352631,1.16471374034882,0,1,1,-27.9801807403564,1.43610572814941,1.00933539867401,-27.4379787445068,1.4365953207016,1.01926827430725,-27.3315258026123,1.43474364280701,1.0293881893158,-27.5210781097412,1.43317568302155,1.03952074050903,-27.8976039886475,1.43078374862671,1.04949116706848,-28.3182411193848,1.42504322528839,1.0591402053833,-28.6486377716064,1.41363537311554,1.06836879253387,-28.8224258422852,1.39603877067566,1.07714188098907,-28.8330459594727,1.37309062480927,1.08545219898224,-28.7029094696045,1.34649300575256,1.09335029125214,-28.4486064910889,1.31799983978271,1.10090923309326,-28.1160507202148,1.28937101364136,1.1082935333252,-27.7409420013428,1.26123440265656,1.1154932975769,-27.3461894989014,1.23407137393951,1.12252831459045,-26.9473304748535,1.2082017660141,1.1294287443161,-26.5724601745605,1.1819953918457,1.13596951961517,-26.2166271209717,1.15714931488037,1.14237582683563,-25.881404876709,1.13394403457642,1.14870548248291,-25.5698089599609,1.11239874362946,1.15498638153076,-25.2837181091309,1.09245669841766,1.16123867034912,-25.0302104949951,1.07426631450653,1.16747498512268,-24.8263072967529,1.06706917285919,1.16828417778015,-24.8058624267578,1.06860435009003,1.16463005542755,-25.6248664855957,1.05676865577698,1.16710889339447,0,1,1,-25.9858226776123,1.32757163047791,1.00886023044586,-25.6436443328857,1.34199142456055,1.01832044124603,-25.6332893371582,1.34259152412415,1.02792906761169,-25.88303565979,1.33621072769165,1.03751873970032,-26.2825756072998,1.32467949390411,1.0469206571579,-26.7113456726074,1.30968189239502,1.05602526664734,-27.0387840270996,1.2921838760376,1.06475389003754,-27.2204418182373,1.27309441566467,1.07307553291321,-27.2453670501709,1.25317811965942,1.08099043369293,-27.1344451904297,1.23319458961487,1.08854413032532,-26.9040069580078,1.213982462883,1.09579253196716,-26.6004657745361,1.19584584236145,1.10286116600037,-26.252462387085,1.17878043651581,1.10978364944458,-25.8849430084229,1.1626523733139,1.11656773090363,-25.5136642456055,1.14740657806396,1.12323331832886,-25.1507530212402,1.13314187526703,1.12979876995087,-24.8037605285645,1.11968779563904,1.13630139827728,-24.477071762085,1.10700762271881,1.14276421070099,-24.1739387512207,1.09506130218506,1.1492086648941,-23.8959159851074,1.08381247520447,1.15565621852875,-23.6494522094727,1.07329893112183,1.16212773323059,-23.6649513244629,1.06894910335541,1.16467654705048,-24.1959228515625,1.06807613372803,1.16476285457611,-25.4576606750488,1.05645668506622,1.169677734375,0,1,1,-23.7761268615723,1.31741809844971,1.00842070579529,-23.5702476501465,1.33070266246796,1.01739251613617,-23.6281032562256,1.3303884267807,1.02648484706879,-23.901819229126,1.32372581958771,1.03553855419159,-24.2854118347168,1.31229794025421,1.04440712928772,-24.6608791351318,1.29745709896088,1.05296444892883,-24.941234588623,1.28058671951294,1.06118035316467,-25.0937786102295,1.26249694824219,1.06903517246246,-25.1185092926025,1.2438325881958,1.07653343677521,-25.0299854278564,1.22529339790344,1.08372664451599,-24.8435821533203,1.20737409591675,1.09062969684601,-24.5976524353027,1.19037902355194,1.09735727310181,-24.3136959075928,1.17431235313416,1.10393869876862,-24.0096073150635,1.15915250778198,1.11040031909943,-23.6981658935547,1.14484262466431,1.11676144599915,-23.3912048339844,1.131427526474,1.1230286359787,-23.0939197540283,1.11877191066742,1.12924206256866,-22.8113574981689,1.10682380199432,1.13541781902313,-22.5463352203369,1.095547914505,1.14157545566559,-22.301326751709,1.08489906787872,1.14773011207581,-22.0796432495117,1.07493448257446,1.15390837192535,-22.1558952331543,1.07017803192139,1.15764343738556,-23.053991317749,1.06863796710968,1.16204380989075,-23.3979625701904,1.06716358661652,1.16180336475372,0,1,1,-21.5083770751953,1.30768895149231,1.00798296928406,-21.3634929656982,1.31954789161682,1.01647782325745,-21.5199146270752,1.31935381889343,1.02508211135864,-21.8204288482666,1.3121190071106,1.03360819816589,-22.1839084625244,1.30072808265686,1.041952252388,-22.5095043182373,1.28609609603882,1.04998111724854,-22.7458381652832,1.26974606513977,1.05768883228302,-22.870813369751,1.2524938583374,1.06507229804993,-22.8877964019775,1.23495805263519,1.07214915752411,-22.8100070953369,1.21755385398865,1.0789440870285,-22.6535377502441,1.20082259178162,1.0854868888855,-22.4480800628662,1.18485295772552,1.09185242652893,-22.2098617553711,1.16972005367279,1.0980771780014,-21.9542713165283,1.15538895130157,1.10418105125427,-21.6906833648682,1.14186310768127,1.11019313335419,-21.4279880523682,1.1291731595993,1.11611711978912,-21.1721687316895,1.11718332767487,1.12198770046234,-20.9264907836914,1.10585510730743,1.12782216072083,-20.6942882537842,1.09514355659485,1.13363492488861,-20.4769592285156,1.0850168466568,1.13944292068481,-20.3722877502441,1.07732737064362,1.14446353912354,-20.7207260131836,1.07670533657074,1.14681208133698,-21.977819442749,1.07016170024872,1.15707504749298,-22.424633026123,1.06897687911987,1.15806603431702,0,1,1,-19.1805820465088,1.29838347434998,1.00755286216736,-19.1171703338623,1.30875158309937,1.01556503772736,-19.3068065643311,1.30804634094238,1.02367520332336,-19.6288719177246,1.30121850967407,1.03171765804291,-19.9681358337402,1.289883852005,1.03954982757568,-20.2583694458008,1.27561783790588,1.0470757484436,-20.4573173522949,1.2598432302475,1.05429673194885,-20.5582733154297,1.24339818954468,1.06122183799744,-20.5650634765625,1.22682476043701,1.06787180900574,-20.4924430847168,1.21049773693085,1.07427418231964,-20.3568248748779,1.19479489326477,1.08044230937958,-20.1795864105225,1.17972540855408,1.08643209934235,-19.9755592346191,1.16542959213257,1.09228813648224,-19.7559051513672,1.15186405181885,1.09802544116974,-19.5295295715332,1.13901388645172,1.10366594791412,-19.3021335601807,1.12695264816284,1.10922193527222,-19.0796756744385,1.11553812026978,1.1147221326828,-18.8653736114502,1.10473167896271,1.12018144130707,-18.6606369018555,1.0945109128952,1.12561857700348,-18.4676685333252,1.08483469486237,1.13104581832886,-18.4632205963135,1.07779264450073,1.13592088222504,-19.3369770050049,1.07822942733765,1.13979828357697,-21.0741767883301,1.07127869129181,1.15223956108093,-21.0615158081055,1.07158207893372,1.1518462896347,0,1,1,-16.3817157745361,1.2874276638031,1.00710833072662,-16.6787929534912,1.29974579811096,1.01470184326172,-16.9997024536133,1.2986866235733,1.02234041690826,-17.3381748199463,1.29141128063202,1.02988588809967,-17.6638641357422,1.2802197933197,1.03722965717316,-17.9242038726807,1.2664315700531,1.04428148269653,-18.0890960693359,1.25115215778351,1.05102932453156,-18.1670703887939,1.23545062541962,1.05751061439514,-18.1646480560303,1.21977770328522,1.06374561786652,-18.0961856842041,1.20435905456543,1.0697500705719,-17.9740390777588,1.18952465057373,1.07553374767303,-17.8165321350098,1.17534804344177,1.0811607837677,-17.638147354126,1.1618105173111,1.08664584159851,-17.4463996887207,1.14891886711121,1.09200918674469,-17.2488479614258,1.13668596744537,1.0972752571106,-17.0504360198975,1.12516510486603,1.10244977474213,-16.8552150726318,1.1142395734787,1.10756301879883,-16.6662769317627,1.10388660430908,1.1126321554184,-16.4853515625,1.09408128261566,1.11767327785492,-16.3136672973633,1.08479273319244,1.12270021438599,-16.338171005249,1.07839930057526,1.1270318031311,-17.4919490814209,1.0801887512207,1.13079619407654,-18.3521327972412,1.07720446586609,1.13654327392578,-19.3381099700928,1.07458698749542,1.14250445365906,0,1,1,-13.8964014053345,1.28057742118835,1.00670731067657,-14.2990846633911,1.2911342382431,1.0138463973999,-14.6183166503906,1.29009675979614,1.02104043960571,-14.9620904922485,1.28295540809631,1.0281263589859,-15.272346496582,1.27189302444458,1.03500175476074,-15.50807762146,1.25847542285919,1.04159247875214,-15.6463985443115,1.24392640590668,1.04791033267975,-15.7059316635132,1.22892153263092,1.0539665222168,-15.6960601806641,1.21398496627808,1.05979013442993,-15.6330738067627,1.19943630695343,1.06541383266449,-15.5190305709839,1.18543112277985,1.07082831859589,-15.3783473968506,1.17198002338409,1.07608366012573,-15.2194862365723,1.15912044048309,1.0812007188797,-15.0499582290649,1.14683640003204,1.08619344234467,-14.8752660751343,1.13511669635773,1.0910769701004,-14.6998519897461,1.12403953075409,1.0958594083786,-14.5267791748047,1.1135333776474,1.10057902336121,-14.3593673706055,1.10355138778687,1.10524439811707,-14.1986083984375,1.09407961368561,1.10987281799316,-14.0461254119873,1.08509969711304,1.11447966098785,-14.6209211349487,1.08643090724945,1.11650705337524,-15.8345804214478,1.08082723617554,1.12411057949066,-16.8443279266357,1.07840216159821,1.12910628318787,-18.2606620788574,1.07597422599792,1.13678324222565,0,1,1,-11.3150157928467,1.272784948349,1.00629389286041,-11.7190952301025,1.28250014781952,1.0129998922348,-12.1555204391479,1.28276002407074,1.01978552341461,-12.51939868927,1.275834441185,1.02643942832947,-12.8085861206055,1.26502990722656,1.03287363052368,-13.0194864273071,1.25199246406555,1.03902661800385,-13.1429243087769,1.23802042007446,1.04492390155792,-13.189489364624,1.22372376918793,1.05057883262634,-13.1762666702271,1.20959079265594,1.05602276325226,-13.1113767623901,1.19587087631226,1.061283826828,-13.008204460144,1.18258488178253,1.06633532047272,-12.8786020278931,1.16981077194214,1.07123243808746,-12.7362813949585,1.15750467777252,1.0759791135788,-12.5844402313232,1.14570999145508,1.08059561252594,-12.4266452789307,1.13441836833954,1.08509492874146,-12.2707672119141,1.12369453907013,1.0894787311554,-12.1151742935181,1.11349725723267,1.09378886222839,-11.9649124145508,1.1037837266922,1.09803295135498,-11.8205261230469,1.09456670284271,1.10223412513733,-11.6839437484741,1.08581387996674,1.10640239715576,-12.1262454986572,1.08789563179016,1.10742616653442,-13.8885879516602,1.08181190490723,1.11670577526093,-14.8219947814941,1.07986736297607,1.1195582151413,-16.5690269470215,1.07816827297211,1.12792241573334,0,1,1,-8.70407581329346,1.26658046245575,1.00590920448303,-9.15690898895264,1.27734386920929,1.01222360134125,-9.60927391052246,1.27609813213348,1.01856219768524,-9.99285697937012,1.26982295513153,1.02481079101562,-10.2963275909424,1.25972664356232,1.03085088729858,-10.4751443862915,1.24707555770874,1.03659117221832,-10.5903024673462,1.23376929759979,1.04210114479065,-10.6261787414551,1.22010838985443,1.04737329483032,-10.6107616424561,1.20666801929474,1.05244994163513,-10.5460653305054,1.19366383552551,1.05735731124878,-10.449896812439,1.18102931976318,1.06205868721008,-10.3323593139648,1.16881966590881,1.06660056114197,-10.2001991271973,1.15698349475861,1.07098150253296,-10.0609674453735,1.14555048942566,1.07521450519562,-9.91759967803955,1.13455748558044,1.07931733131409,-9.77357959747314,1.12408709526062,1.08329272270203,-9.63212776184082,1.11408269405365,1.0871753692627,-9.4948263168335,1.10455250740051,1.09098470211029,-9.36270999908447,1.09549450874329,1.09473824501038,-9.23704147338867,1.08689439296722,1.09845089912415,-9.10879325866699,1.08771741390228,1.08625817298889,-9.62126636505127,1.08495914936066,1.09259521961212,-11.0119895935059,1.08342349529266,1.10328412055969,-15.6476497650146,1.07841241359711,1.1242949962616,0,1,1,-5.78683519363403,1.25730288028717,1.00548446178436,-6.47878694534302,1.27037012577057,1.01141905784607,-7.01985597610474,1.27090716362,1.01739287376404,-7.42804431915283,1.2650386095047,1.02324724197388,-7.71627712249756,1.25549590587616,1.02890074253082,-7.8929615020752,1.24362766742706,1.03427696228027,-7.99477100372314,1.23098194599152,1.03942203521729,-8.02826404571533,1.21793150901794,1.04433238506317,-8.00819206237793,1.20516359806061,1.0490630865097,-7.94686555862427,1.19281804561615,1.05363261699677,-7.85309743881226,1.1807599067688,1.0579948425293,-7.74252033233643,1.16898024082184,1.06217992305756,-7.61801338195801,1.15744817256927,1.06618273258209,-7.48689889907837,1.14624428749084,1.07002174854279,-7.35084199905396,1.13542520999908,1.07371497154236,-7.21523189544678,1.12507927417755,1.07726216316223,-7.08134937286377,1.11517798900604,1.08070373535156,-6.95177841186523,1.10572504997253,1.08405601978302,-6.82734298706055,1.09673953056335,1.0873419046402,-6.70928955078125,1.08821976184845,1.09057974815369,-6.38849973678589,1.08732259273529,1.07828867435455,-6.74105930328369,1.0851970911026,1.08507347106934,-7.77740383148193,1.08463943004608,1.09574794769287,-14.5584688186646,1.07871925830841,1.12094128131866,0,1,1,-2.48047709465027,1.20011067390442,1.00315046310425,-3.29328441619873,1.20089757442474,1.00547730922699,-3.82420635223389,1.19560849666595,1.00718176364899,-4.26887607574463,1.19212985038757,1.00919139385223,-4.57309293746948,1.18796372413635,1.0113879442215,-4.76514911651611,1.1815527677536,1.01336228847504,-4.87820863723755,1.17412316799164,1.01512956619263,-4.92236661911011,1.16592872142792,1.01667034626007,-4.91357755661011,1.15771818161011,1.0180344581604,-4.86950826644897,1.14983522891998,1.01925992965698,-4.7907772064209,1.14201712608337,1.02028560638428,-4.68886518478394,1.13415324687958,1.02111208438873,-4.5706262588501,1.12631058692932,1.02174162864685,-4.44169425964355,1.11858785152435,1.02218663692474,-4.30734634399414,1.11103975772858,1.02245628833771,-4.17011117935181,1.10380423069,1.02255380153656,-4.03423261642456,1.09693825244904,1.02269804477692,-3.90116047859192,1.09066677093506,1.02376246452332,-3.77266955375671,1.08480155467987,1.0254715681076,-3.6513352394104,1.07916140556335,1.02718484401703,-3.62619471549988,1.08773839473724,1.08135616779327,-3.62966227531433,1.08587682247162,1.08667659759521,-3.67661094665527,1.08614277839661,1.09345722198486,-5.88888502120972,1.08490300178528,1.10779917240143,0,1,1,0.686807930469513,1.25871562957764,1.00597941875458,-0.0378982946276665,1.25615847110748,1.01121056079865,-0.540037393569946,1.24783170223236,1.01578688621521,-0.887159824371338,1.23736715316772,1.01988625526428,-1.1683394908905,1.22636866569519,1.02350866794586,-1.32513546943665,1.21541726589203,1.02697217464447,-1.4334682226181,1.20469391345978,1.03025269508362,-1.48378598690033,1.19417381286621,1.03349602222443,-1.48965084552765,1.18413150310516,1.03678059577942,-1.46368753910065,1.17458474636078,1.04013478755951,-1.40685069561005,1.16521453857422,1.04355776309967,-1.32967269420624,1.15585923194885,1.04701900482178,-1.23593199253082,1.14643800258636,1.05049860477448,-1.13012301921844,1.13700592517853,1.05399179458618,-1.01880538463593,1.12758314609528,1.05744600296021,-0.902273595333099,1.11828708648682,1.06088984012604,-0.786969363689423,1.10915589332581,1.06427717208862,-0.673493504524231,1.10025787353516,1.06762719154358,-0.564653813838959,1.09164083003998,1.07092225551605,-0.460603445768356,1.08334589004517,1.07418251037598,-0.945800602436066,1.08877515792847,1.09561145305634,-1.00172603130341,1.08677196502686,1.10198330879211,-1.12500298023224,1.08717048168182,1.1101793050766,-2.57257175445557,1.08668410778046,1.12044179439545,0,1,1,3.09270071983337,1.31782078742981,1.00876665115356,2.48417949676514,1.31181538105011,1.0169278383255,2.04591584205627,1.30031502246857,1.02445232868195,1.73374152183533,1.28680419921875,1.03146648406982,1.5094108581543,1.27287316322327,1.03809154033661,1.36309397220612,1.25937592983246,1.04445362091064,1.26888704299927,1.24594938755035,1.05061507225037,1.21867609024048,1.23286032676697,1.05666947364807,1.20295190811157,1.22005820274353,1.06264233589172,1.21664690971375,1.20758247375488,1.06858730316162,1.25918436050415,1.19517695903778,1.07446992397308,1.32326459884644,1.18277382850647,1.08029508590698,1.40429580211639,1.17030680179596,1.08602142333984,1.49752187728882,1.15778791904449,1.09160900115967,1.59931230545044,1.14534628391266,1.09706735610962,1.70558655261993,1.13306510448456,1.10233902931213,1.81252729892731,1.12104189395905,1.10745549201965,1.91757142543793,1.10934972763062,1.1124175786972,2.01862502098083,1.09805023670197,1.11723136901855,2.11392021179199,1.08719050884247,1.12190222740173,1.54383873939514,1.09021830558777,1.12121272087097,1.42584156990051,1.08807122707367,1.12870728969574,1.21085047721863,1.08877766132355,1.13830733299255,0.971223533153534,1.08899223804474,1.14566648006439,0,1,1,5.03255844116211,1.3774242401123,1.01164484024048,4.42965221405029,1.36802101135254,1.02272486686707,4.02791929244995,1.35293233394623,1.03320252895355,3.75324749946594,1.33592557907104,1.0431889295578,3.55414891242981,1.31890904903412,1.05279755592346,3.42095351219177,1.30246424674988,1.06212520599365,3.33219695091248,1.28624153137207,1.07122433185577,3.27727317810059,1.27048516273499,1.0801659822464,3.25829005241394,1.25495636463165,1.08898890018463,3.26349806785583,1.23968958854675,1.09768033027649,3.30118465423584,1.22431945800781,1.10619127750397,3.36060452461243,1.20888078212738,1.11450564861298,3.43883562088013,1.19336426258087,1.1225882768631,3.53114295005798,1.17780089378357,1.13038063049316,3.63468861579895,1.16232049465179,1.13789343833923,3.74244427680969,1.14708364009857,1.1450172662735,3.85191297531128,1.13218700885773,1.15183162689209,3.95832514762878,1.11774981021881,1.1583297252655,4.06001710891724,1.10383749008179,1.1645336151123,4.15451049804688,1.09050750732422,1.17044997215271,3.65691566467285,1.09411704540253,1.16931760311127,3.50492072105408,1.09076642990112,1.17271161079407,3.2402036190033,1.09064292907715,1.17566549777985,2.95524334907532,1.09061741828918,1.1811695098877,0,1,1,6.43097066879272,1.43756902217865,1.01453197002411,5.80132150650024,1.42527532577515,1.02854323387146,5.45425701141357,1.4056898355484,1.04199647903442,5.20983934402466,1.38492977619171,1.05497324466705,5.04294872283936,1.3642749786377,1.06760501861572,4.92378854751587,1.34447550773621,1.07992935180664,4.84319448471069,1.32518565654755,1.09203386306763,4.79343748092651,1.30639457702637,1.10395193099976,4.77066087722778,1.28805899620056,1.11571180820465,4.77398157119751,1.26998627185822,1.12730407714844,4.80859613418579,1.25187504291534,1.13862693309784,4.86894464492798,1.23358285427094,1.14962244033813,4.9521279335022,1.21510446071625,1.16021299362183,5.0533299446106,1.19655013084412,1.17034125328064,5.16690444946289,1.17807245254517,1.17995929718018,5.28720426559448,1.15991044044495,1.18896424770355,5.40759181976318,1.14221608638763,1.19743478298187,5.5239200592041,1.12512135505676,1.20538544654846,5.63288545608521,1.10872209072113,1.21283435821533,5.73264837265015,1.09307384490967,1.21981251239777,5.29561233520508,1.09720468521118,1.21805107593536,5.15534067153931,1.09300148487091,1.21982145309448,4.90738105773926,1.09246373176575,1.21993911266327,4.6041111946106,1.09216904640198,1.22310471534729,0,1,1,7.37232542037964,1.49766194820404,1.01743054389954,6.73286819458008,1.48151254653931,1.03438472747803,6.39835691452026,1.45814979076385,1.05082476139069,6.19364356994629,1.43294882774353,1.06680071353912,6.04933071136475,1.40851080417633,1.08246433734894,5.95583343505859,1.38471710681915,1.09778726100922,5.88994312286377,1.36193358898163,1.11291217803955,5.84813737869263,1.33994114398956,1.12785410881042,5.82848405838013,1.31861710548401,1.14262855052948,5.83287763595581,1.29769253730774,1.15720951557159,5.86790227890015,1.2768759727478,1.17147016525269,5.93053007125854,1.25595235824585,1.18532609939575,6.02224969863892,1.23473846912384,1.1986095905304,6.13738632202148,1.21336436271667,1.21121311187744,6.27023553848267,1.19197106361389,1.22301805019379,6.41013622283936,1.17100071907043,1.23390865325928,6.54866743087769,1.15064978599548,1.24400472640991,6.68052005767822,1.13107204437256,1.25331485271454,6.80156755447388,1.11238765716553,1.26187479496002,6.90920877456665,1.09466135501862,1.26971983909607,6.52238750457764,1.09929347038269,1.26706957817078,6.40390682220459,1.09456753730774,1.2688455581665,6.18675231933594,1.09398674964905,1.26864552497864,5.89477252960205,1.09336984157562,1.26899456977844,0,1,1,7.72712087631226,1.56326913833618,1.02036428451538,7.1889820098877,1.53938055038452,1.04025852680206,6.90722751617432,1.5104523897171,1.05968189239502,6.73836278915405,1.48084962368011,1.07870578765869,6.63554668426514,1.45116746425629,1.09728801250458,6.57307624816895,1.42315995693207,1.11561810970306,6.53654289245605,1.39610743522644,1.13367474079132,6.51701545715332,1.37026953697205,1.15154981613159,6.51353931427002,1.34545600414276,1.16925287246704,6.52643823623657,1.32147991657257,1.18678426742554,6.56207132339478,1.29813945293427,1.20405972003937,6.6259069442749,1.27484858036041,1.2208993434906,6.72411298751831,1.25127267837524,1.23705267906189,6.85709095001221,1.22728288173676,1.25222706794739,7.01394176483154,1.20319747924805,1.2662787437439,7.17871046066284,1.17964124679565,1.27906107902527,7.33892154693604,1.15690267086029,1.29075503349304,7.48767042160034,1.135178565979,1.30139493942261,7.62094497680664,1.11456072330475,1.31099450588226,7.73575878143311,1.09510397911072,1.31957817077637,7.38972282409668,1.10027396678925,1.31579995155334,7.28866004943848,1.09516263008118,1.31751811504364,7.09631109237671,1.09461224079132,1.31692624092102,6.83270025253296,1.09395408630371,1.31614744663239,0,1,1,7.80232763290405,1.61997270584106,1.02313041687012,7.28970861434937,1.59663546085358,1.04614853858948,7.03459072113037,1.56198740005493,1.06851541996002,6.91170883178711,1.52655327320099,1.09042406082153,6.85238456726074,1.49195492267609,1.11197209358215,6.83680868148804,1.45897471904755,1.13319206237793,6.84584283828735,1.42704379558563,1.15403354167938,6.86513423919678,1.39682722091675,1.17467427253723,6.89463376998901,1.3679940700531,1.19508576393127,6.9324517250061,1.34046292304993,1.21530604362488,6.98029518127441,1.31430399417877,1.23537266254425,7.04675102233887,1.2887521982193,1.25509202480316,7.14381122589111,1.26329374313354,1.27417135238647,7.29167413711548,1.23711371421814,1.29194688796997,7.47514677047729,1.21062111854553,1.30816698074341,7.66225719451904,1.18495905399323,1.32285678386688,7.8382363319397,1.16042959690094,1.3362762928009,7.99777364730835,1.13713192939758,1.34838736057281,8.13714504241943,1.11511647701263,1.35914921760559,8.25431728363037,1.09438276290894,1.36848938465118,7.93993949890137,1.10017585754395,1.36352527141571,7.85129022598267,1.09483742713928,1.36520612239838,7.67809057235718,1.09440052509308,1.36423182487488,7.45082759857178,1.09393060207367,1.36252462863922,0,1,1,7.55848455429077,1.67573034763336,1.02582311630249,7.0359263420105,1.65037107467651,1.05179738998413,6.82314014434814,1.61134850978851,1.07712149620056,6.74483203887939,1.57059836387634,1.10195624828339,6.74255561828613,1.53063440322876,1.12639236450195,6.78713703155518,1.49216747283936,1.15035712718964,6.85848093032837,1.45496511459351,1.173823595047,6.93852519989014,1.41983377933502,1.19701039791107,7.02319097518921,1.38643717765808,1.21981263160706,7.10962295532227,1.35481083393097,1.24234390258789,7.19783163070679,1.32497525215149,1.26454842090607,7.29478645324707,1.29635679721832,1.28640687465668,7.41122245788574,1.26846039295197,1.30765295028687,7.56113767623901,1.24072897434235,1.32779955863953,7.74060535430908,1.21313226222992,1.34641063213348,7.92406988143921,1.18652892112732,1.36339128017426,8.09666061401367,1.16112041473389,1.3789176940918,8.2520055770874,1.13699543476105,1.39287126064301,8.38588905334473,1.11420071125031,1.40513610839844,8.49531555175781,1.09273278713226,1.41550850868225,8.20553684234619,1.09919202327728,1.40955150127411,8.12411308288574,1.09377562999725,1.41129076480865,7.96506547927856,1.09352016448975,1.41002190113068,7.79062843322754,1.09345948696136,1.40649878978729,0,1,1,7.03936433792114,1.74782180786133,1.02907025814056,6.49463987350464,1.70688056945801,1.05762624740601,6.30568981170654,1.6592869758606,1.08555567264557,6.27465105056763,1.61275410652161,1.11319375038147,6.33925533294678,1.56707811355591,1.14040815830231,6.45605039596558,1.52286112308502,1.16697466373444,6.60644960403442,1.48042094707489,1.19302320480347,6.76519584655762,1.43999648094177,1.2184886932373,6.92565202713013,1.4018372297287,1.24347186088562,7.0824875831604,1.36576795578003,1.26792299747467,7.2324800491333,1.33196997642517,1.29177498817444,7.37872934341431,1.29997682571411,1.31512248516083,7.52711629867554,1.26946783065796,1.33782434463501,7.68088912963867,1.24020886421204,1.35971128940582,7.83942556381226,1.21207022666931,1.38052928447723,7.99623155593872,1.18524289131165,1.39987277984619,8.14317512512207,1.1596736907959,1.41777861118317,8.27544498443604,1.13537466526031,1.43399739265442,8.38919353485107,1.11233723163605,1.44818794727325,8.48008441925049,1.09056603908539,1.45992505550385,8.21016025543213,1.09765517711639,1.45338487625122,8.15136909484863,1.09251487255096,1.45421850681305,8.04532146453857,1.09253072738647,1.45056939125061,7.4230809211731,1.09698271751404,1.46615207195282,0,1,1,6.13999366760254,1.80099451541901,1.03156352043152,5.66312837600708,1.75729322433472,1.06297516822815,5.51265382766724,1.70580816268921,1.09378957748413,5.53285217285156,1.65327537059784,1.12413012981415,5.66616344451904,1.60151064395905,1.15393245220184,5.86856174468994,1.55175876617432,1.18310081958771,6.10824680328369,1.50381517410278,1.21152532100677,6.35944604873657,1.45835101604462,1.23926615715027,6.60958242416382,1.4155341386795,1.26634788513184,6.84865760803223,1.37509322166443,1.29251885414124,7.06920528411865,1.33768737316132,1.3180079460144,7.26912879943848,1.30257987976074,1.34265553951263,7.44903135299683,1.26971173286438,1.36658442020416,7.60970163345337,1.23888063430786,1.38972854614258,7.75178289413452,1.20994710922241,1.41209578514099,7.87524318695068,1.18292164802551,1.43337178230286,7.98395729064941,1.15738415718079,1.45345330238342,8.07893848419189,1.13318288326263,1.47195065021515,8.15951442718506,1.11020135879517,1.48826575279236,8.22180271148682,1.0883903503418,1.50153589248657,7.97029972076416,1.09596610069275,1.49478650093079,7.95510530471802,1.09164011478424,1.49386441707611,7.95965528488159,1.09191739559174,1.4859424829483,6.66154813766479,1.09649896621704,1.51967787742615,0,1,1,5.02870941162109,1.85453867912292,1.03408694267273,4.59688472747803,1.80889999866486,1.06835925579071,4.47196483612061,1.75051116943359,1.10173428058624,4.54228401184082,1.69170713424683,1.13458323478699,4.75046110153198,1.63444471359253,1.16702783107758,5.04566955566406,1.57923948764801,1.1987476348877,5.38035488128662,1.52603018283844,1.22952258586884,5.72992134094238,1.47580373287201,1.25957012176514,6.07522201538086,1.42862725257874,1.28878545761108,6.40230941772461,1.38432359695435,1.31693184375763,6.69574499130249,1.34352564811707,1.34402894973755,6.95150947570801,1.3056914806366,1.37019681930542,7.16563940048218,1.27065289020538,1.39540255069733,7.33633708953857,1.23827219009399,1.41969478130341,7.46512746810913,1.2083592414856,1.44315016269684,7.55347061157227,1.18095350265503,1.46575033664703,7.61737680435181,1.15534484386444,1.48737287521362,7.66565608978271,1.13124310970306,1.50770735740662,7.70355606079102,1.10839736461639,1.52596211433411,7.72959136962891,1.08665204048157,1.54063045978546,7.68836975097656,1.09905648231506,1.52309942245483,7.49370622634888,1.09423530101776,1.52688705921173,6.7761402130127,1.10159230232239,1.54372990131378,3.75891518592834,1.12542450428009,1.64005529880524,0,1,1,3.79565048217773,1.91417038440704,1.03686690330505,3.31438255310059,1.85853755474091,1.07353961467743,3.21103954315186,1.79388749599457,1.10945045948029,3.33637475967407,1.72931671142578,1.14484786987305,3.61632323265076,1.66610765457153,1.17970716953278,4.0035400390625,1.60540556907654,1.21381509304047,4.43768405914307,1.54745626449585,1.2470805644989,4.88533401489258,1.49283599853516,1.2795045375824,5.32395601272583,1.44174146652222,1.31102001667023,5.73641777038574,1.39400291442871,1.3413565158844,6.10166120529175,1.35032939910889,1.37053465843201,6.41361284255981,1.31002926826477,1.39853382110596,6.66462182998657,1.27299332618713,1.42534923553467,6.85128116607666,1.23907792568207,1.45102071762085,6.97104215621948,1.20807337760925,1.47546911239624,7.02376699447632,1.18008363246918,1.49878942966461,7.03894186019897,1.15425753593445,1.52129685878754,7.03545761108398,1.13012838363647,1.54269123077393,7.02585792541504,1.10732352733612,1.56211566925049,7.01228713989258,1.08559203147888,1.57726097106934,7.18774461746216,1.10774374008179,1.55149352550507,6.61869859695435,1.0925498008728,1.56297814846039,4.64431810379028,1.09677410125732,1.60939073562622,2.43797254562378,1.09073615074158,1.66908800601959,0,1,1,2.32675552368164,1.97293162345886,1.03954207897186,1.81297218799591,1.90621769428253,1.07847094535828,1.75049126148224,1.83606767654419,1.11691629886627,1.93158030509949,1.76555788516998,1.15474247932434,2.28608441352844,1.69672560691833,1.19201028347015,2.76660966873169,1.63082528114319,1.22852349281311,3.29680919647217,1.56827747821808,1.26422488689423,3.83794164657593,1.50990009307861,1.29911375045776,4.3589563369751,1.4638284444809,1.33313286304474,4.83694553375244,1.42435920238495,1.3660341501236,5.25031900405884,1.38727247714996,1.39777588844299,5.59388828277588,1.35187363624573,1.42815411090851,5.86115407943726,1.31804382801056,1.45708084106445,6.05658531188965,1.2857586145401,1.48451483249664,6.16962099075317,1.25480496883392,1.5101066827774,6.18762493133545,1.22542750835419,1.5340313911438,6.15922784805298,1.19754660129547,1.55649542808533,6.1104097366333,1.17126429080963,1.57783961296082,6.0587420463562,1.1464831829071,1.59729862213135,5.58384704589844,1.14247488975525,1.59247052669525,5.44009208679199,1.12721800804138,1.6017951965332,4.3437819480896,1.12146329879761,1.63035380840302,2.90475726127625,1.10345506668091,1.65640425682068,1.63814830780029,1.07728385925293,1.68089425563812,0,1,1,0.619956910610199,2.0478048324585,1.04200088977814,0.175988644361496,1.96122145652771,1.08356630802155,0.114522434771061,1.88099992275238,1.12421035766602,0.345792025327682,1.81114876270294,1.16431772708893,0.77141398191452,1.74893260002136,1.20398306846619,1.32482731342316,1.69276189804077,1.2428457736969,1.91538667678833,1.6408771276474,1.28102397918701,2.49644756317139,1.59244561195374,1.31844472885132,3.03808903694153,1.54697549343109,1.35507917404175,3.5243992805481,1.50402021408081,1.3908064365387,3.9348475933075,1.46354460716248,1.4253077507019,4.27043008804321,1.42494595050812,1.45849597454071,4.53037977218628,1.38809597492218,1.49016463756561,4.71653175354004,1.35160410404205,1.51942193508148,4.82535409927368,1.31572425365448,1.54585456848145,4.84082889556885,1.28161156177521,1.56948041915894,4.80370426177979,1.24932944774628,1.59081721305847,4.73768043518066,1.21900796890259,1.61029398441315,4.66140604019165,1.19061172008514,1.62766444683075,3.90691828727722,1.1462197303772,1.62593388557434,3.3101270198822,1.12274491786957,1.64508080482483,2.38469314575195,1.1026223897934,1.6674565076828,1.63012528419495,1.08125019073486,1.68635761737823,1.45682322978973,1.0629917383194,1.69376230239868,0,1,1,-1.1155503988266,2.04656791687012,1.04160284996033,-1.57040166854858,1.96184313297272,1.08291566371918,-1.64780461788177,1.88283264636993,1.12337648868561,-1.4538551568985,1.81272399425507,1.16314566135406,-1.06106865406036,1.75055825710297,1.20253884792328,-0.531933605670929,1.69488155841827,1.24134635925293,0.0498622879385948,1.64360690116882,1.27962625026703,0.629963934421539,1.59591031074524,1.3174147605896,1.17287743091583,1.55110692977905,1.3546484708786,1.66076827049255,1.50869703292847,1.39119303226471,2.07594037055969,1.46871101856232,1.42689526081085,2.42421913146973,1.43055939674377,1.46164119243622,2.70692491531372,1.39415907859802,1.49538338184357,2.91939377784729,1.35678851604462,1.52655136585236,3.06835651397705,1.31843876838684,1.55448639392853,3.15911436080933,1.28184902667999,1.57971382141113,3.20247268676758,1.24718379974365,1.60258209705353,3.20147395133972,1.21435940265656,1.62233376502991,3.16375160217285,1.18342626094818,1.63918924331665,3.09788036346436,1.15437245368958,1.65313124656677,2.62091851234436,1.12342166900635,1.66631531715393,0.907503187656403,1.08370018005371,1.68245780467987,0.586939573287964,1.06186759471893,1.69331479072571,0.349318206310272,1.04322373867035,1.70266711711884,0,1,1,-2.85350465774536,2.05275750160217,1.04149127006531,-3.33686804771423,1.96257019042969,1.08228528499603,-3.43257093429565,1.8836784362793,1.12238729000092,-3.27513432502747,1.81368565559387,1.16187345981598,-2.92470550537109,1.75154769420624,1.20095932483673,-2.42595028877258,1.69597864151001,1.23948013782501,-1.85749542713165,1.64520263671875,1.27767503261566,-1.28200459480286,1.59811532497406,1.31555461883545,-0.740010857582092,1.55392408370972,1.35308337211609,-0.252811342477798,1.51208519935608,1.39016103744507,0.162694379687309,1.47254824638367,1.42661273479462,0.514698565006256,1.43477261066437,1.46232748031616,0.795115828514099,1.39531087875366,1.49573612213135,1.00229287147522,1.3515465259552,1.52519273757935,1.16250872612,1.3084579706192,1.55227446556091,1.28430020809174,1.26822483539581,1.57772719860077,1.3772805929184,1.23047435283661,1.60165226459503,1.44404685497284,1.19505739212036,1.6239105463028,1.48700511455536,1.16182768344879,1.6444057226181,1.50691223144531,1.13059413433075,1.66266560554504,1.50207352638245,1.10148572921753,1.67817604541779,1.47377860546112,1.0740327835083,1.68974649906158,0.282815992832184,1.05375123023987,1.69643139839172,-0.596800327301025,1.03903770446777,1.70324373245239,0,1,1,-4.61070823669434,2.05904412269592,1.04140055179596,-5.12196636199951,1.96362960338593,1.08167171478271,-5.24174499511719,1.8835654258728,1.12128508090973,-5.11693525314331,1.81397747993469,1.16047787666321,-4.81193923950195,1.75180387496948,1.19919455051422,-4.34669876098633,1.69619464874268,1.23730230331421,-3.79113721847534,1.64597368240356,1.27532947063446,-3.21756601333618,1.59952771663666,1.31318199634552,-2.67436194419861,1.55599319934845,1.35086095333099,-2.18759727478027,1.51457417011261,1.38805496692657,-1.7721711397171,1.47538030147552,1.42474830150604,-1.42721545696259,1.43549048900604,1.45985639095306,-1.16978001594543,1.38882744312286,1.4903005361557,-0.969816088676453,1.34071338176727,1.51773631572723,-0.803964138031006,1.2954169511795,1.54379844665527,-0.6694695353508,1.25351130962372,1.568403840065,-0.557126462459564,1.21449053287506,1.59216320514679,-0.464845180511475,1.17804253101349,1.61472547054291,-0.389929294586182,1.14398193359375,1.63619720935822,-0.329806864261627,1.11213409900665,1.65688300132751,-0.286031365394592,1.08249425888062,1.67593717575073,-0.255006939172745,1.05462849140167,1.69366943836212,-0.235844820737839,1.02839970588684,1.71003067493439,-1.28303384780884,1.03168225288391,1.70475423336029,0,1,1,-6.46085929870605,2.05645203590393,1.04098224639893,-6.94338941574097,1.96232688426971,1.08091020584106,-7.06817865371704,1.88387048244476,1.12028992176056,-6.97262859344482,1.81403613090515,1.15905523300171,-6.71103763580322,1.75137722492218,1.19723796844482,-6.27782344818115,1.6961156129837,1.23504459857941,-5.73543357849121,1.64623212814331,1.27274334430695,-5.15661716461182,1.60056614875793,1.31054377555847,-4.61018657684326,1.55753898620605,1.34809577465057,-4.12029600143433,1.51667606830597,1.38539922237396,-3.70437574386597,1.47771716117859,1.42197966575623,-3.36055278778076,1.43711912631989,1.45666754245758,-3.10535168647766,1.38897383213043,1.48641562461853,-2.90183663368225,1.34055531024933,1.51342189311981,-2.72967004776001,1.29513561725616,1.53922069072723,-2.58624339103699,1.25320279598236,1.56372380256653,-2.46383237838745,1.21413338184357,1.58722150325775,-2.358731508255,1.17772316932678,1.60987877845764,-2.26961874961853,1.14368915557861,1.63141632080078,-2.19432067871094,1.11185276508331,1.65205895900726,-2.13286805152893,1.0822514295578,1.67134511470795,-2.08185005187988,1.05444633960724,1.68968284130096,-2.04061150550842,1.0282815694809,1.70696866512299,-2.37376689910889,1.03073787689209,1.70146632194519,0,1,1,-8.31933689117432,2.05394983291626,1.04060649871826,-8.76066970825195,1.96328806877136,1.08033120632172,-8.89977073669434,1.88452708721161,1.11937856674194,-8.83201122283936,1.81440949440002,1.15772843360901,-8.60854434967041,1.75113344192505,1.19536697864532,-8.20960235595703,1.69594514369965,1.23278176784515,-7.67106914520264,1.64662063121796,1.27023315429688,-7.08160352706909,1.6017347574234,1.30794835090637,-6.52651834487915,1.55946922302246,1.34560406208038,-6.03512716293335,1.518914103508,1.3827508687973,-5.61724185943604,1.48019850254059,1.41920590400696,-5.274742603302,1.43874251842499,1.45326709747314,-5.02248954772949,1.38897252082825,1.48206806182861,-4.81447744369507,1.34033477306366,1.50872242450714,-4.63673639297485,1.29475271701813,1.53401613235474,-4.48638963699341,1.25270926952362,1.55796277523041,-4.35487365722656,1.21359801292419,1.58100605010986,-4.24002456665039,1.17714214324951,1.60306107997894,-4.13955974578857,1.14309585094452,1.62406182289124,-4.05189371109009,1.1112517118454,1.64405083656311,-3.97592568397522,1.08169031143188,1.66295742988586,-3.90988492965698,1.0539094209671,1.68069767951965,-3.85253810882568,1.02776491641998,1.69720804691315,-3.84742522239685,1.02775979042053,1.69672358036041,0,1,1,-10.1701564788818,2.05228424072266,1.04026436805725,-10.5862216949463,1.96480655670166,1.07982158660889,-10.7469930648804,1.88531982898712,1.1185040473938,-10.6929044723511,1.81518959999084,1.15652418136597,-10.4910707473755,1.75191950798035,1.19383144378662,-10.1185388565063,1.69650399684906,1.23080658912659,-9.57458209991455,1.64803540706635,1.26822578907013,-8.97402572631836,1.60391390323639,1.30596709251404,-8.41635227203369,1.56207871437073,1.34358251094818,-7.92370748519897,1.52184736728668,1.38072323799133,-7.50539922714233,1.48313915729523,1.41702437400818,-7.16641569137573,1.44038963317871,1.45035111904144,-6.91631650924683,1.38929009437561,1.47827672958374,-6.70525598526001,1.34032726287842,1.5043671131134,-6.52292013168335,1.29453909397125,1.52908730506897,-6.36507225036621,1.25242018699646,1.55264353752136,-6.22604465484619,1.21320164203644,1.57504987716675,-6.10211229324341,1.17669093608856,1.59654152393341,-5.99162244796753,1.14262437820435,1.61705350875854,-5.89270162582397,1.11076462268829,1.63647449016571,-5.80463838577271,1.08120357990265,1.65481686592102,-5.72518968582153,1.05343997478485,1.6720495223999,-5.65399122238159,1.02730882167816,1.6879575252533,-5.64936256408691,1.0274213552475,1.68918943405151,0,1,1,-11.9592533111572,2.05616927146912,1.04008364677429,-12.4452438354492,1.96544218063354,1.07928478717804,-12.6002521514893,1.88658893108368,1.11771428585052,-12.5536127090454,1.81668162345886,1.15550541877747,-12.3528413772583,1.75394105911255,1.1926656961441,-11.9761199951172,1.69912230968475,1.22959160804749,-11.4255933761597,1.65132546424866,1.26708972454071,-10.8271684646606,1.60767781734467,1.30495166778564,-10.2744188308716,1.56604635715485,1.34262192249298,-9.78603744506836,1.52584087848663,1.37970912456512,-9.37170791625977,1.48668646812439,1.41571068763733,-9.03956413269043,1.44201564788818,1.44813001155853,-8.79041194915771,1.39011609554291,1.47543811798096,-8.57695579528809,1.34078371524811,1.50101506710052,-8.38944721221924,1.29478871822357,1.52533030509949,-8.22695732116699,1.25246047973633,1.54826819896698,-8.08082294464111,1.21313560009003,1.57023334503174,-7.94904327392578,1.17653715610504,1.59123480319977,-7.82939958572388,1.14241373538971,1.61128580570221,-7.72134065628052,1.11050891876221,1.63024544715881,-7.62296342849731,1.08092629909515,1.64817380905151,-7.53252840042114,1.0531507730484,1.66503059864044,-7.44898223876953,1.02703011035919,1.68075287342072,-7.44932174682617,1.02712273597717,1.68175315856934,0,1,1,-13.7363634109497,2.06205296516418,1.03998363018036,-14.3099746704102,1.96724736690521,1.07883739471436,-14.475058555603,1.88805687427521,1.11700820922852,-14.4147977828979,1.8189525604248,1.15467548370361,-14.1944990158081,1.75733006000519,1.19189536571503,-13.7921648025513,1.70352303981781,1.22900974750519,-13.2374496459961,1.65646421909332,1.26681351661682,-12.6534786224365,1.61293923854828,1.3048483133316,-12.112696647644,1.57118320465088,1.34255266189575,-11.6322574615479,1.53081238269806,1.37962651252747,-11.2231512069702,1.49099123477936,1.41531372070312,-10.9002351760864,1.44407033920288,1.44671964645386,-10.6517086029053,1.39143037796021,1.47350203990936,-10.4362440109253,1.34168183803558,1.49859488010406,-10.2454833984375,1.29538071155548,1.52240288257599,-10.0777521133423,1.25285542011261,1.5449081659317,-9.92620277404785,1.2133651971817,1.56640386581421,-9.78802871704102,1.17663753032684,1.58693194389343,-9.66127586364746,1.142413854599,1.60651576519012,-9.54432964324951,1.11045873165131,1.62516438961029,-9.43731880187988,1.08082377910614,1.64271759986877,-9.33842372894287,1.05300545692444,1.65923833847046,-9.24580955505371,1.02685844898224,1.6747465133667,-9.24895477294922,1.02691578865051,1.67529046535492,0,1,1,-15.5695314407349,2.06656360626221,1.03984928131104,-16.1846866607666,1.9693500995636,1.07845175266266,-16.3383369445801,1.89109039306641,1.11652851104736,-16.2724170684814,1.82238388061523,1.15410542488098,-16.024435043335,1.7620530128479,1.19151329994202,-15.5904121398926,1.70964515209198,1.22907984256744,-15.0394620895386,1.66293835639954,1.2671947479248,-14.4701538085938,1.61939370632172,1.3054826259613,-13.9427003860474,1.57736134529114,1.3432844877243,-13.4714546203613,1.53657686710358,1.38027429580688,-13.0684385299683,1.4959009885788,1.41561388969421,-12.7554683685303,1.44649267196655,1.44594287872314,-12.5076923370361,1.39308667182922,1.47216045856476,-12.2906007766724,1.34287858009338,1.49676561355591,-12.0972366333008,1.29622995853424,1.52006483078003,-11.9255905151367,1.25344395637512,1.54205167293549,-11.7686338424683,1.21376550197601,1.56308114528656,-11.6244411468506,1.17689669132233,1.58318150043488,-11.4914722442627,1.14255237579346,1.60231757164001,-11.3681201934814,1.11050307750702,1.62055599689484,-11.2535591125488,1.08080780506134,1.63779258728027,-11.146824836731,1.05294525623322,1.65407490730286,-11.0466794967651,1.02675938606262,1.66940200328827,-11.0516042709351,1.02678442001343,1.66961550712585,0,1,1,-17.5458946228027,2.06795620918274,1.03967082500458,-18.0936336517334,1.97166848182678,1.07809507846832,-18.2347164154053,1.89374446868896,1.11604511737823,-18.1363582611084,1.82667243480682,1.15374565124512,-17.8569564819336,1.76781439781189,1.191446185112,-17.3947257995605,1.71679532527924,1.22956526279449,-16.8444347381592,1.67053067684174,1.26813471317291,-16.2893180847168,1.62672567367554,1.30665028095245,-15.7741022109985,1.584263920784,1.3445485830307,-15.3115797042847,1.54292118549347,1.38142931461334,-14.9150972366333,1.50116395950317,1.4162734746933,-14.6111478805542,1.44910073280334,1.44546627998352,-14.3639726638794,1.3949191570282,1.4710853099823,-14.1466226577759,1.34416306018829,1.4950590133667,-13.9495515823364,1.29716336727142,1.51784694194794,-13.7737846374512,1.25412678718567,1.53937387466431,-13.6118984222412,1.21424055099487,1.55990898609161,-13.462272644043,1.17721164226532,1.57955098152161,-13.3233966827393,1.14274990558624,1.59829354286194,-13.1942281723022,1.11060178279877,1.61614882946014,-13.0736608505249,1.08083355426788,1.63306903839111,-12.9604082107544,1.05291604995728,1.64910209178925,-12.8541116714478,1.02668523788452,1.66426348686218,-12.8603143692017,1.02668952941895,1.6643191576004,0,1,1,-19.5323619842529,2.06868195533752,1.03947174549103,-19.9912719726562,1.97464561462402,1.07780456542969,-20.1270084381104,1.89755380153656,1.115718126297,-20.0088424682617,1.83180272579193,1.15358078479767,-19.697021484375,1.7744015455246,1.19162547588348,-19.2136535644531,1.72462964057922,1.23032689094543,-18.662052154541,1.67881524562836,1.26941990852356,-18.1183776855469,1.63469576835632,1.30819523334503,-17.6143836975098,1.59158313274384,1.34608745574951,-17.1583309173584,1.54951286315918,1.38273477554321,-16.7666702270508,1.50654757022858,1.41697454452515,-16.4718418121338,1.4516726732254,1.44492042064667,-16.2247428894043,1.39670586585999,1.4698691368103,-16.0037498474121,1.34548568725586,1.49333155155182,-15.8051929473877,1.29808819293976,1.51552677154541,-15.6243705749512,1.25479793548584,1.53655600547791,-15.4583683013916,1.2147068977356,1.55662131309509,-15.3039379119873,1.17751717567444,1.575807929039,-15.1597518920898,1.14293718338013,1.59415769577026,-15.0256700515747,1.11069560050964,1.61167573928833,-14.8992471694946,1.08085942268372,1.62830281257629,-14.7813243865967,1.05288469791412,1.64413011074066,-14.6692428588867,1.02661633491516,1.65918064117432,-14.6763029098511,1.02661120891571,1.65919518470764,0,1,1,-21.500467300415,2.06962442398071,1.03927278518677,-21.9334583282471,1.97718560695648,1.07751107215881,-22.0423069000244,1.90173304080963,1.1154876947403,-21.88938331604,1.8377640247345,1.15359568595886,-21.5420436859131,1.78199815750122,1.19208955764771,-21.0416984558105,1.73323976993561,1.23136377334595,-20.4975337982178,1.68749094009399,1.27088761329651,-19.9632396697998,1.64292979240417,1.30987095832825,-19.4673385620117,1.59900438785553,1.34763312339783,-19.0157165527344,1.55608439445496,1.38392007350922,-18.6263465881348,1.51177179813385,1.41742181777954,-18.3382873535156,1.45407712459564,1.44408988952637,-18.0895957946777,1.39839565753937,1.4684122800827,-17.8674812316895,1.34666419029236,1.49125528335571,-17.663553237915,1.29894816875458,1.51295149326324,-17.4794311523438,1.25539302825928,1.53345954418182,-17.3088779449463,1.21511948108673,1.55308794975281,-17.150297164917,1.17778086662292,1.57185840606689,-17.0011119842529,1.14309310913086,1.58984899520874,-16.8618087768555,1.11077380180359,1.60707569122314,-16.7322406768799,1.08086562156677,1.62346231937408,-16.6091823577881,1.05284750461578,1.63912904262543,-16.4938220977783,1.02653586864471,1.65409910678864,-16.5010375976562,1.02653110027313,1.65412700176239,0,1,1,-23.3481693267822,2.0736677646637,1.03914058208466,-23.8557071685791,1.98135161399841,1.07733905315399,-23.9418354034424,1.90716099739075,1.11540198326111,-23.7747440338135,1.84432470798492,1.15372085571289,-23.4012336730957,1.79010212421417,1.19269609451294,-22.8912620544434,1.74217510223389,1.23252654075623,-22.3512229919434,1.69636428356171,1.27242505550385,-21.824369430542,1.65120840072632,1.31151843070984,-21.3322582244873,1.60634577274323,1.34902048110962,-20.8836421966553,1.56243216991425,1.38476920127869,-20.4984359741211,1.51546478271484,1.41708445549011,-20.2109928131104,1.45622849464417,1.44285571575165,-19.9604969024658,1.39987778663635,1.46654856204987,-19.734655380249,1.34771013259888,1.48883748054504,-19.5275974273682,1.2996598482132,1.50998735427856,-19.3392868041992,1.2558958530426,1.5300704240799,-19.164867401123,1.21544671058655,1.54926836490631,-19.0020618438721,1.17798578739166,1.56768834590912,-18.8488826751709,1.14320147037506,1.58536338806152,-18.7048740386963,1.11081624031067,1.60233759880066,-18.571813583374,1.08085501194,1.61854791641235,-18.4462451934814,1.05279195308685,1.63411521911621,-18.327205657959,1.02645194530487,1.6490603685379,-18.3348503112793,1.02644717693329,1.64911007881165,0,1,1,-25.2059459686279,2.0775580406189,1.03900337219238,-25.800853729248,1.98542273044586,1.07717764377594,-25.8782653808594,1.91265845298767,1.1153678894043,-25.6739921569824,1.85133194923401,1.15394282341003,-25.2765140533447,1.79852449893951,1.19338655471802,-24.7649459838867,1.75113606452942,1.23370182514191,-24.2237758636475,1.70534384250641,1.27398037910461,-23.7010498046875,1.65936625003815,1.31301987171173,-23.2102680206299,1.61338341236115,1.35007214546204,-22.758171081543,1.56849277019501,1.38519656658173,-22.378963470459,1.51850283145905,1.41617798805237,-22.0912189483643,1.45806634426117,1.44116497039795,-21.8370819091797,1.40112578868866,1.46425664424896,-21.6070804595947,1.34857368469238,1.48602855205536,-21.3964576721191,1.30025219917297,1.50672793388367,-21.2039413452148,1.25628924369812,1.52637624740601,-21.0252418518066,1.21570575237274,1.54522657394409,-20.858642578125,1.17814123630524,1.56333982944489,-20.7025318145752,1.14327442646027,1.58075845241547,-20.5560932159424,1.1108238697052,1.59753096103668,-20.4192028045654,1.08082568645477,1.61361265182495,-20.2908401489258,1.05273115634918,1.62912166118622,-20.1701221466064,1.02636218070984,1.64408421516418,-20.1559028625488,1.02609670162201,1.62848913669586,0,1,1,-27.1607112884521,2.08151030540466,1.03890597820282,-27.7613143920898,1.99004876613617,1.07707667350769,-27.8114166259766,1.91866517066956,1.11537373065948,-27.5844173431396,1.85876154899597,1.15424978733063,-27.16845703125,1.80712485313416,1.19411671161652,-26.6507034301758,1.76023530960083,1.23488128185272,-26.1163635253906,1.71415531635284,1.27541542053223,-25.5949630737305,1.66716694831848,1.31423342227936,-25.1003227233887,1.61999750137329,1.35069990158081,-24.6416168212891,1.5741411447525,1.38511800765991,-24.2668151855469,1.52103185653687,1.41475749015808,-23.9770221710205,1.4596061706543,1.43904328346252,-23.7189483642578,1.40215420722961,1.4615923166275,-23.484489440918,1.34926354885101,1.48287737369537,-23.2700157165527,1.30070543289185,1.50315296649933,-23.0745506286621,1.25658249855042,1.52245497703552,-22.8922367095947,1.21588516235352,1.54100108146667,-22.7218761444092,1.17823839187622,1.55885446071625,-22.5630760192871,1.1433093547821,1.5760760307312,-22.4147109985352,1.1108101606369,1.59270715713501,-22.2759571075439,1.08077657222748,1.60870659351349,-22.145824432373,1.05265581607819,1.62419438362122,-22.0239849090576,1.0262645483017,1.63920700550079,-21.9091567993164,1.02544569969177,1.59466528892517,0,1,1,-29.0385723114014,1.95982253551483,1.03359413146973,-29.5546321868896,1.88237607479095,1.06642770767212,-29.6313037872314,1.82253360748291,1.09940350055695,-29.4359169006348,1.77337110042572,1.13303506374359,-29.0575923919678,1.73125743865967,1.16764616966248,-28.5681076049805,1.69309771060944,1.20322942733765,-28.0548572540283,1.65513169765472,1.23875856399536,-27.5428371429443,1.61550498008728,1.27273452281952,-27.0393238067627,1.57446575164795,1.3041330575943,-26.5655899047852,1.53396332263947,1.33339297771454,-26.150146484375,1.49054610729218,1.3594856262207,-25.8370590209961,1.43410623073578,1.37969136238098,-25.5622310638428,1.38028502464294,1.39804911613464,-25.3123741149902,1.33047187328339,1.41517150402069,-25.0833950042725,1.28462314605713,1.43132865428925,-24.8730316162109,1.24290454387665,1.44656252861023,-24.6773490905762,1.2043868303299,1.46108829975128,-24.495677947998,1.16872620582581,1.4749721288681,-24.3249034881592,1.13563299179077,1.48826730251312,-24.1651954650879,1.1048309803009,1.50101935863495,-24.0159492492676,1.07635641098022,1.51319217681885,-23.8767528533936,1.04968571662903,1.52490949630737,-23.7461891174316,1.02465081214905,1.53619706630707,-23.4979667663574,1.02423214912415,1.52738428115845,0,1,1,-30.6215629577637,1.83290648460388,1.02814817428589,-31.0281467437744,1.77100038528442,1.0556697845459,-31.1323642730713,1.72347593307495,1.08342242240906,-30.9665431976318,1.68463730812073,1.11178195476532,-30.6282939910889,1.65163207054138,1.141077876091,-30.1693801879883,1.62183165550232,1.17134130001068,-29.6788005828857,1.59214222431183,1.20183217525482,-29.1761417388916,1.56005001068115,1.23091864585876,-28.6667041778564,1.52531278133392,1.25724685192108,-28.1763305664062,1.49034225940704,1.28134655952454,-27.7269554138184,1.45395863056183,1.30300629138947,-27.3871688842773,1.40391099452972,1.3200306892395,-27.0904273986816,1.35442495346069,1.33520007133484,-26.8213977813721,1.30834317207336,1.34931325912476,-26.5736808776855,1.26578271389008,1.36258673667908,-26.3467178344727,1.22695434093475,1.3750786781311,-26.1362266540527,1.19104266166687,1.38697671890259,-25.9392986297607,1.15775775909424,1.39833199977875,-25.7552089691162,1.12682402133942,1.40919041633606,-25.5826969146729,1.09800291061401,1.41959285736084,-25.4225845336914,1.07132637500763,1.42952561378479,-25.2729797363281,1.04631841182709,1.43908309936523,-25.1328926086426,1.02282500267029,1.44829702377319,-24.7977809906006,1.02257680892944,1.44931316375732,0,1,1,-31.5971832275391,1.70810055732727,1.02275168895721,-32.0775146484375,1.65895819664001,1.04500925540924,-32.225772857666,1.62179839611053,1.06745886802673,-32.0957489013672,1.59234654903412,1.0904825925827,-31.7987461090088,1.56799447536469,1.11440861225128,-31.3736743927002,1.54629957675934,1.13928210735321,-30.9098281860352,1.52440214157104,1.16447687149048,-30.4229145050049,1.50005102157593,1.18864190578461,-29.9068584442139,1.47192275524139,1.20993614196777,-29.3943538665771,1.44269549846649,1.22886252403259,-28.9192695617676,1.41229951381683,1.24573302268982,-28.5402908325195,1.37013363838196,1.25941181182861,-28.2188358306885,1.32536995410919,1.27125751972198,-27.9281597137451,1.28336679935455,1.2822357416153,-27.6590385437012,1.24443280696869,1.29251396656036,-27.4134750366211,1.2088109254837,1.30214953422546,-27.1853179931641,1.17581450939178,1.31130087375641,-26.9719142913818,1.1451940536499,1.32001304626465,-26.7736225128174,1.11670291423798,1.32833611965179,-26.5877265930176,1.09013473987579,1.33629512786865,-26.4158382415771,1.06551659107208,1.34388041496277,-26.2555408477783,1.04242122173309,1.35117757320404,-26.1059989929199,1.02070748806,1.35821652412415,-25.6844425201416,1.02039349079132,1.35652673244476,0,1,1,-32.0334129333496,1.58134043216705,1.01732385158539,-32.6680870056152,1.54361474514008,1.03431057929993,-32.8234901428223,1.51694333553314,1.05148112773895,-32.7268028259277,1.49640333652496,1.06917297840118,-32.464427947998,1.48025035858154,1.08769094944,-32.0823860168457,1.46591007709503,1.10701501369476,-31.64084815979,1.4513738155365,1.12669134140015,-31.1702880859375,1.43455266952515,1.14568054676056,-30.6533031463623,1.4134134054184,1.16200864315033,-30.1182670593262,1.39028370380402,1.17585432529449,-29.6106548309326,1.36614787578583,1.18786835670471,-29.1910610198975,1.33209371566772,1.19781827926636,-28.8423461914062,1.2925226688385,1.20624625682831,-28.5241680145264,1.25500738620758,1.2139607667923,-28.232759475708,1.22007596492767,1.22114562988281,-27.9670429229736,1.18803155422211,1.22783446311951,-27.7192192077637,1.15830707550049,1.23413622379303,-27.488151550293,1.1306893825531,1.24009549617767,-27.2731227874756,1.10497832298279,1.24576163291931,-27.0723781585693,1.08098769187927,1.25115847587585,-26.8888778686523,1.05874264240265,1.25630342960358,-26.7187423706055,1.03786301612854,1.26125037670135,-26.5605945587158,1.01822519302368,1.26601934432983,-26.019344329834,1.01783061027527,1.26437497138977,0,1,1,-31.7986736297607,1.45309901237488,1.01189577579498,-32.5574607849121,1.42630422115326,1.02358841896057,-32.7604293823242,1.40862107276917,1.03545928001404,-32.7178497314453,1.39645373821259,1.04782629013062,-32.4848937988281,1.3876621723175,1.06083679199219,-32.1333274841309,1.38039374351501,1.07456111907959,-31.7235527038574,1.3727194070816,1.08858716487885,-31.2668514251709,1.36272084712982,1.10200178623199,-30.7522201538086,1.34882056713104,1.11333429813385,-30.2003479003906,1.33232283592224,1.12228977680206,-29.6599235534668,1.314737200737,1.12945342063904,-29.1917018890381,1.28900599479675,1.13529694080353,-28.8106060028076,1.25514566898346,1.14017331600189,-28.4653205871582,1.22256684303284,1.14454758167267,-28.1476345062256,1.19207108020782,1.14852261543274,-27.8568325042725,1.16402447223663,1.15212714672089,-27.5874900817871,1.13798630237579,1.15547204017639,-27.337818145752,1.11378836631775,1.1585921049118,-27.1064357757568,1.09125900268555,1.16151750087738,-26.8922672271729,1.07023894786835,1.16427552700043,-26.6963005065918,1.05075776576996,1.16686928272247,-26.5154552459717,1.03247928619385,1.16934871673584,-26.3496589660645,1.01529097557068,1.17174768447876,-25.7008037567139,1.01532125473022,1.18252718448639,0,1,1,-30.8596096038818,1.32299292087555,1.0064868927002,-31.5912799835205,1.30616450309753,1.01285433769226,-31.8631839752197,1.29702484607697,1.01944327354431,-31.8558139801025,1.29214143753052,1.02641212940216,-31.6568832397461,1.28989577293396,1.03386688232422,-31.3524417877197,1.28932011127472,1.0420173406601,-30.9633407592773,1.28790652751923,1.05026400089264,-30.5124435424805,1.28435969352722,1.0579686164856,-30.0012454986572,1.27749538421631,1.06411647796631,-29.426570892334,1.26786744594574,1.06814336776733,-28.85325050354,1.25709199905396,1.07045578956604,-28.3345222473145,1.2398476600647,1.07191562652588,-27.9177398681641,1.21231162548065,1.07312166690826,-27.5386371612549,1.18516194820404,1.07401645183563,-27.1908054351807,1.15959322452545,1.07467293739319,-26.8746109008789,1.13603854179382,1.07512044906616,-26.5816764831543,1.11418104171753,1.0754132270813,-26.3134365081787,1.09388697147369,1.07559907436371,-26.0656223297119,1.07502675056458,1.07568395137787,-25.8366622924805,1.05746614933014,1.07568371295929,-25.6298599243164,1.04122924804688,1.07563006877899,-25.4418258666992,1.02602958679199,1.07556164264679,-25.2721519470215,1.01176595687866,1.07550346851349,-24.7362251281738,1.01303827762604,1.11486077308655,0,1,1,-29.0870094299316,1.19505071640015,1.0012481212616,-29.573070526123,1.18409371376038,1.00218403339386,-29.7949905395508,1.18130397796631,1.00333142280579,-29.823657989502,1.18299221992493,1.00488829612732,-29.6673564910889,1.18698227405548,1.00685226917267,-29.3995151519775,1.19196975231171,1.00926887989044,-29.0413932800293,1.1964555978775,1.01177167892456,-28.6053791046143,1.19899225234985,1.01376926898956,-28.0823612213135,1.19875645637512,1.0145366191864,-27.5005493164062,1.20093250274658,1.01773619651794,-26.9058532714844,1.20194971561432,1.02121341228485,-26.360746383667,1.1964670419693,1.02449178695679,-25.9243297576904,1.17805731296539,1.02770388126373,-25.5395488739014,1.15772318840027,1.0308278799057,-25.1907749176025,1.137770652771,1.03387916088104,-24.881420135498,1.11874854564667,1.03681898117065,-24.5991668701172,1.1006805896759,1.03968465328217,-24.343770980835,1.08355045318604,1.04246091842651,-24.1125965118408,1.06732392311096,1.04515075683594,-23.9042167663574,1.0519483089447,1.04775130748749,-23.7183704376221,1.03747594356537,1.05025362968445,-23.5534629821777,1.02372801303864,1.05266463756561,-23.4079208374023,1.01065587997437,1.05499017238617,-23.2124652862549,1.01149618625641,1.07755076885223,0,1,1,-25.8805294036865,1.17659401893616,1.00068795681,-26.2963523864746,1.15797984600067,1.00034236907959,-26.5916786193848,1.15126240253448,0.999960005283356,-26.6729965209961,1.15282392501831,1.0001882314682,-26.5953483581543,1.15892159938812,1.00130951404572,-26.4062671661377,1.16742336750031,1.003586769104,-26.1380653381348,1.1760048866272,1.00674021244049,-25.7884082794189,1.18335998058319,1.0104752779007,-25.3661117553711,1.18852698802948,1.01436138153076,-24.8848609924316,1.19135344028473,1.0180698633194,-24.3845024108887,1.19218575954437,1.02148258686066,-23.9133415222168,1.18804323673248,1.02469491958618,-23.5254726409912,1.17236220836639,1.02790462970734,-23.1910552978516,1.15293776988983,1.03106486797333,-22.8914413452148,1.13370001316071,1.03415262699127,-22.6250762939453,1.11531341075897,1.03716611862183,-22.3851413726807,1.09781503677368,1.04011404514313,-22.1712951660156,1.08120203018188,1.04298365116119,-21.980712890625,1.06545269489288,1.04578185081482,-21.8118419647217,1.0505211353302,1.048508644104,-21.6661891937256,1.03645551204681,1.05115246772766,-21.538537979126,1.02309095859528,1.05372905731201,-21.4287719726562,1.01037871837616,1.05624198913574,-21.3561496734619,1.0105277299881,1.0596559047699,0,1,1,-22.7137699127197,1.17750430107117,1.00103008747101,-23.0982990264893,1.15811276435852,1.00102508068085,-23.3155002593994,1.1515474319458,1.0010142326355,-23.4188976287842,1.15181767940521,1.00147664546967,-23.4105548858643,1.15626227855682,1.00269818305969,-23.2996463775635,1.16299569606781,1.004922747612,-23.1094589233398,1.16981816291809,1.00788295269012,-22.8483657836914,1.17561554908752,1.01133000850677,-22.519359588623,1.17974758148193,1.01496469974518,-22.1321029663086,1.18207156658173,1.0185375213623,-21.7238292694092,1.18258237838745,1.02183520793915,-21.3284130096436,1.17959928512573,1.02496922016144,-20.9969959259033,1.16640734672546,1.02812600135803,-20.7165298461914,1.14794933795929,1.03130841255188,-20.4671020507812,1.12948155403137,1.03443932533264,-20.25022315979,1.11174559593201,1.03749930858612,-20.0592174530029,1.09482800960541,1.04049968719482,-19.8914680480957,1.07875907421112,1.04344856739044,-19.7467308044434,1.06350898742676,1.04633498191833,-19.6234149932861,1.04903626441956,1.04915988445282,-19.519702911377,1.03540313243866,1.05193269252777,-19.4339561462402,1.0224415063858,1.05465257167816,-19.3651714324951,1.01010823249817,1.05733001232147,-19.2989368438721,1.01012444496155,1.05723178386688,0,1,1,-19.5287246704102,1.17816233634949,1.0013735294342,-19.8586502075195,1.15879881381989,1.00172805786133,-20.0349369049072,1.15173208713531,1.00206649303436,-20.1194534301758,1.15117192268372,1.00281417369843,-20.1500816345215,1.15422189235687,1.00419580936432,-20.0953903198242,1.15906643867493,1.00636804103851,-19.9793853759766,1.16417670249939,1.00917184352875,-19.7928104400635,1.16847157478333,1.01237905025482,-19.545955657959,1.1715384721756,1.01578652858734,-19.2492904663086,1.17316961288452,1.01917564868927,-18.9260883331299,1.17330813407898,1.02235972881317,-18.609375,1.17122399806976,1.02538323402405,-18.3390045166016,1.16028583049774,1.02846014499664,-18.1161460876465,1.14284682273865,1.03164601325989,-17.9254055023193,1.12514436244965,1.03478014469147,-17.760461807251,1.10808289051056,1.03787517547607,-17.6222171783447,1.09176170825958,1.04090511798859,-17.506477355957,1.07624495029449,1.04389941692352,-17.4122200012207,1.06150996685028,1.04685068130493,-17.3375511169434,1.04752314090729,1.04976141452789,-17.2826080322266,1.03433561325073,1.05263209342957,-17.2430515289307,1.02179622650146,1.05547416210175,-17.2181625366211,1.00986051559448,1.05829656124115,-17.15576171875,1.00988841056824,1.05822813510895,0,1,1,-16.322437286377,1.17801153659821,1.00169765949249,-16.495174407959,1.16014921665192,1.00248086452484,-16.6495571136475,1.15257096290588,1.00317537784576,-16.7676258087158,1.15069675445557,1.00417459011078,-16.8258190155029,1.15225398540497,1.00570547580719,-16.815896987915,1.15560042858124,1.00791430473328,-16.7588024139404,1.15907323360443,1.01060736179352,-16.6376571655273,1.16205739974976,1.01366412639618,-16.4633140563965,1.16398251056671,1.01685702800751,-16.2477760314941,1.16483330726624,1.0200674533844,-16.0065326690674,1.16452610492706,1.02314078807831,-15.767653465271,1.16303074359894,1.02603220939636,-15.5627479553223,1.15405416488647,1.02898848056793,-15.4002933502197,1.13768231868744,1.03213489055634,-15.2667407989502,1.12077236175537,1.03526842594147,-15.1617012023926,1.10436916351318,1.03835344314575,-15.0812740325928,1.08866739273071,1.04140484333038,-15.0230207443237,1.07370948791504,1.04441666603088,-14.984808921814,1.05949366092682,1.04739558696747,-14.963623046875,1.04600167274475,1.05036044120789,-14.9608850479126,1.03327262401581,1.05329811573029,-14.9711122512817,1.0211695432663,1.05623233318329,-14.992974281311,1.00964713096619,1.0591698884964,-14.9369411468506,1.00969159603119,1.05914223194122,0,1,1,-13.142671585083,1.17747104167938,1.00200510025024,-13.1826725006104,1.16028559207916,1.00315761566162,-13.2541532516479,1.15290760993958,1.00424230098724,-13.3531436920166,1.15025591850281,1.00554049015045,-13.4197902679443,1.15073204040527,1.00729370117188,-13.4624166488647,1.15246558189392,1.00953412055969,-13.4521036148071,1.15451109409332,1.0121876001358,-13.3899059295654,1.15618765354156,1.0151230096817,-13.281455039978,1.15711379051208,1.01819097995758,-13.1372241973877,1.15717256069183,1.02126085758209,-12.9738864898682,1.15628707408905,1.02420198917389,-12.8133955001831,1.15473854541779,1.02697134017944,-12.6776742935181,1.14747953414917,1.02981793880463,-12.5784769058228,1.13256704807281,1.03288125991821,-12.5078430175781,1.1164379119873,1.03598618507385,-12.4656200408936,1.10069096088409,1.03903830051422,-12.4482021331787,1.08559656143188,1.04207348823547,-12.4517183303833,1.07119917869568,1.04507553577423,-12.4734601974487,1.05751049518585,1.04805731773376,-12.5113229751587,1.04450976848602,1.05102956295013,-12.5640926361084,1.0322482585907,1.05400252342224,-12.6268873214722,1.02058792114258,1.0569885969162,-12.6966943740845,1.00948941707611,1.06000447273254,-12.6514949798584,1.00955653190613,1.06003069877625,0,1,1,-9.85159015655518,1.17711913585663,1.00231969356537,-9.76854705810547,1.16058647632599,1.0038400888443,-9.79422092437744,1.15289056301117,1.0052729845047,-9.87174224853516,1.14972341060638,1.00689566135406,-9.96177196502686,1.14917719364166,1.00887513160706,-10.0263204574585,1.14969062805176,1.01123356819153,-10.0596561431885,1.15046238899231,1.01390600204468,-10.0561571121216,1.1509644985199,1.01679074764252,-10.0117015838623,1.1509108543396,1.01977670192719,-9.93799877166748,1.15015935897827,1.02274119853973,-9.85098457336426,1.14869713783264,1.02559864521027,-9.76779842376709,1.14671957492828,1.02830398082733,-9.70392990112305,1.1408326625824,1.0310093164444,-9.67150497436523,1.12760758399963,1.03398907184601,-9.66568756103516,1.11223042011261,1.03702998161316,-9.69134044647217,1.09714090824127,1.04004192352295,-9.74135971069336,1.08263611793518,1.04302823543549,-9.81182289123535,1.06878972053528,1.04598832130432,-9.8996467590332,1.0556218624115,1.04893946647644,-10.0003252029419,1.04311001300812,1.05188405513763,-10.1104764938354,1.03130853176117,1.05483937263489,-10.2252855300903,1.02008724212646,1.05782234668732,-10.3418426513672,1.00941216945648,1.06085884571075,-11.2664031982422,1.00949764251709,1.06054818630219,0,1,1,-6.50798416137695,1.17592167854309,1.00260937213898,-6.28463077545166,1.16034209728241,1.00448966026306,-6.26920127868652,1.15253722667694,1.00627088546753,-6.32757520675659,1.14906311035156,1.00823426246643,-6.42295169830322,1.14737379550934,1.01041126251221,-6.52324199676514,1.14700484275818,1.01295256614685,-6.59956741333008,1.14675235748291,1.01571476459503,-6.65093517303467,1.14620327949524,1.01860618591309,-6.67322444915771,1.14527571201324,1.02157664299011,-6.67480659484863,1.14383673667908,1.02452671527863,-6.66538190841675,1.14178824424744,1.02734375,-6.65990018844604,1.13934504985809,1.03001725673676,-6.67291498184204,1.13456284999847,1.0326235294342,-6.71003293991089,1.12284743785858,1.03551149368286,-6.77465438842773,1.10825395584106,1.03851127624512,-6.87213516235352,1.0938116312027,1.04147660732269,-6.9952073097229,1.07988893985748,1.04440438747406,-7.13850784301758,1.06658029556274,1.04730010032654,-7.29592704772949,1.05390822887421,1.05017244815826,-7.46082067489624,1.04186308383942,1.0530366897583,-7.62813234329224,1.0305083990097,1.05592155456543,-7.79245519638062,1.01971733570099,1.05884385108948,-7.95056533813477,1.00945734977722,1.06183326244354,-9.85656356811523,1.00948131084442,1.06108450889587}
profileHueSatMapData2 = {0,1,1,-12.0098171234131,1.08144128322601,0.998726844787598,-12.3463039398193,1.06827557086945,0.996604382991791,-12.5790815353394,1.06270229816437,0.994252979755402,-12.67431640625,1.06221628189087,0.992027521133423,-12.6699647903442,1.06475222110748,0.990111947059631,-12.5610494613647,1.06969916820526,0.98876017332077,-12.3838062286377,1.07563185691833,0.987917125225067,-12.1628904342651,1.0816924571991,0.987493395805359,-11.9166164398193,1.08747935295105,0.987406432628632,-11.6588935852051,1.09266030788422,0.987536311149597,-11.3958005905151,1.09689509868622,0.987724721431732,-11.1353387832642,1.10026168823242,0.98782342672348,-10.8835372924805,1.10275888442993,0.987700939178467,-10.654709815979,1.10119295120239,0.987761616706848,-10.4490690231323,1.09682428836823,0.988045752048492,-10.2633790969849,1.09206795692444,0.988426029682159,-10.0968790054321,1.08743250370026,0.98895400762558,-9.94684982299805,1.08297872543335,0.989616930484772,-9.81393623352051,1.07871747016907,0.990401864051819,-9.69708061218262,1.07462358474731,0.991272628307343,-9.60001945495605,1.07069504261017,0.992205381393433,-8.27119731903076,1.04693233966827,0.994310677051544,-6.22155570983887,1.01235580444336,0.996855080127716,-5.6728196144104,1.00235104560852,0.997848391532898,0,1,1,-9.05495738983154,1.01191306114197,0.999420285224915,-9.24468326568604,0.99938553571701,0.998074769973755,-9.39475059509277,0.993132591247559,0.99646919965744,-9.46588897705078,0.991068840026855,0.994891285896301,-9.47198581695557,0.991695880889893,0.993516266345978,-9.40033912658691,0.994478642940521,0.992547750473022,-9.2702112197876,0.998381853103638,0.991999924182892,-9.09996223449707,1.00273406505585,0.991834700107574,-8.90710926055908,1.00705683231354,0.991980850696564,-8.70305728912354,1.01103675365448,0.99234539270401,-8.49625301361084,1.01431715488434,0.992792189121246,-8.29290103912354,1.01687180995941,0.993171334266663,-8.09863471984863,1.01875245571136,0.993403255939484,-7.9155707359314,1.01991260051727,0.993337035179138,-7.74914169311523,1.01939713954926,0.993035793304443,-7.61121034622192,1.01640021800995,0.992930233478546,-7.49355840682983,1.01330828666687,0.992959260940552,-7.39511966705322,1.01037681102753,0.993182420730591,-7.31374311447144,1.00763618946075,0.993595480918884,-7.24741363525391,1.00505483150482,0.994163811206818,-7.19657707214355,1.00260710716248,0.99485969543457,-7.15800046920776,1.00024318695068,0.995626986026764,-7.13168811798096,0.997946202754974,0.996442198753357,-4.74386644363403,1.00236594676971,1.00312077999115,0,1,1,-5.15977907180786,0.988915145397186,1.0001003742218,-5.21213817596436,0.975361347198486,0.999505221843719,-5.2459192276001,0.967880606651306,0.998646676540375,-5.26192235946655,0.964437067508698,0.997770071029663,-5.25544834136963,0.963590085506439,0.9969841837883,-5.20767021179199,0.965470910072327,0.996486008167267,-5.1245288848877,0.96908313035965,0.99630331993103,-5.01072120666504,0.973982453346252,0.996477425098419,-4.87882280349731,0.979542911052704,0.996981620788574,-4.73853445053101,0.985045850276947,0.997681140899658,-4.60194063186646,0.99004739522934,0.998509645462036,-4.4718189239502,0.994344770908356,0.999309778213501,-4.35014629364014,0.99786776304245,0.999985456466675,-4.23785400390625,1.0005875825882,1.00043344497681,-4.13595724105835,1.00248348712921,1.00053811073303,-4.04615306854248,1.00329887866974,1.00005435943604,-3.97490978240967,1.00352489948273,0.999354839324951,-3.93084955215454,1.00360786914825,0.998847305774689,-3.91212511062622,1.0036404132843,0.9986652135849,-3.91292214393616,1.0035707950592,0.998740792274475,-3.92703819274902,1.00335884094238,0.998969197273254,-3.95183181762695,1.00299048423767,0.999302268028259,-3.98855328559875,1.00243508815765,0.999752402305603,-3.16473650932312,1.00632846355438,1.01091909408569,0,1,1,-1.75625646114349,1.05098247528076,1.00075495243073,-1.67628645896912,1.03877854347229,1.00088322162628,-1.61731362342834,1.03204774856567,1.00076687335968,-1.57529234886169,1.02830219268799,1.00057673454285,-1.53996253013611,1.02665841579437,1.00042629241943,-1.50324761867523,1.02694869041443,1.00044798851013,-1.45646715164185,1.02872979640961,1.00071132183075,-1.39765059947968,1.03178465366364,1.00128769874573,-1.33005023002625,1.0357106924057,1.00219881534576,-1.26034140586853,1.03988635540009,1.00338864326477,-1.19601428508759,1.04367077350616,1.0047652721405,-1.13995981216431,1.04673969745636,1.00617372989655,-1.09373652935028,1.04895889759064,1.00751399993896,-1.05585134029388,1.05025339126587,1.00865435600281,-1.02682197093964,1.049800157547,1.00962710380554,-1.00643360614777,1.04589521884918,1.01057398319244,-0.993873953819275,1.04117906093597,1.01125574111938,-0.994650363922119,1.03608727455139,1.01179802417755,-1.01859128475189,1.03090941905975,1.01251649856567,-1.06859445571899,1.02576625347137,1.01359796524048,-1.14140951633453,1.02060425281525,1.01499319076538,-1.22907495498657,1.01536250114441,1.01653957366943,-1.3374969959259,1.00988805294037,1.01822555065155,-1.84253656864166,1.01044869422913,1.02247989177704,0,1,1,0.835200309753418,1.11207664012909,1.0013769865036,1.01909863948822,1.10147047042847,1.00218689441681,1.14474081993103,1.09573197364807,1.00278031826019,1.23493003845215,1.09205436706543,1.00326895713806,1.29832422733307,1.09000408649445,1.00377106666565,1.34243988990784,1.08922827243805,1.00436592102051,1.37649869918823,1.08949255943298,1.00513136386871,1.40530741214752,1.09082174301147,1.00615382194519,1.42971122264862,1.09309732913971,1.00751495361328,1.44955265522003,1.09598660469055,1.00923562049866,1.45820796489716,1.09880375862122,1.01129138469696,1.45374929904938,1.10097289085388,1.01351404190063,1.4358696937561,1.10220277309418,1.01578199863434,1.40604507923126,1.10145950317383,1.01808130741119,1.36783754825592,1.09519350528717,1.02076959609985,1.32025611400604,1.0866574048996,1.02349603176117,1.26343643665314,1.0774781703949,1.02611792087555,1.19579577445984,1.06793081760406,1.02863752841949,1.11562883853912,1.05818593502045,1.03109383583069,1.01939904689789,1.04832541942596,1.03355705738068,0.902446568012238,1.03834700584412,1.03606224060059,0.766330361366272,1.02817237377167,1.03853452205658,0.611548006534576,1.01752901077271,1.04066407680511,0.179458051919937,1.01702558994293,1.04036605358124,0,1,1,2.76480960845947,1.1717232465744,1.00195503234863,3.01800346374512,1.16291797161102,1.0034008026123,3.19060969352722,1.15836906433105,1.00465822219849,3.31363463401794,1.15493524074554,1.00579404830933,3.40621399879456,1.15303587913513,1.00693893432617,3.46164894104004,1.15177285671234,1.00814878940582,3.49874520301819,1.15116882324219,1.00947749614716,3.51486921310425,1.15100860595703,1.01098656654358,3.51483345031738,1.1515234708786,1.01277732849121,3.49751973152161,1.1530876159668,1.01504123210907,3.45961737632751,1.1551479101181,1.01785326004028,3.39983534812927,1.15658450126648,1.02099514007568,3.32014679908752,1.15660881996155,1.024369597435,3.22817015647888,1.14973378181458,1.02838623523712,3.12745022773743,1.13823139667511,1.03282165527344,3.01480603218079,1.12548339366913,1.03735136985779,2.8924720287323,1.11216235160828,1.04184865951538,2.76143908500671,1.09842777252197,1.04623329639435,2.62215948104858,1.08436334133148,1.05043601989746,2.47534608840942,1.07001662254333,1.05438137054443,2.32071995735168,1.05534064769745,1.05790174007416,2.16282176971436,1.04028618335724,1.06080293655396,2.01482605934143,1.02451002597809,1.06238615512848,1.72307848930359,1.02352285385132,1.05970871448517,0,1,1,4.14089727401733,1.23074388504028,1.00250315666199,4.44568061828613,1.22304081916809,1.00452518463135,4.62803077697754,1.21925568580627,1.00639915466309,4.78802394866943,1.21658396720886,1.00812983512878,4.89839029312134,1.21491014957428,1.00987577438354,4.96410083770752,1.21377444267273,1.01171135902405,5.00581169128418,1.21291124820709,1.01364660263062,5.02211380004883,1.2122722864151,1.01575267314911,5.01060962677002,1.21196627616882,1.0181382894516,4.96988677978516,1.21224999427795,1.02095866203308,4.8906421661377,1.21313142776489,1.02446699142456,4.78044939041138,1.21341598033905,1.02844858169556,4.64935302734375,1.20782673358917,1.03313195705414,4.50841808319092,1.19413352012634,1.0386198759079,4.354079246521,1.17816138267517,1.04447722434998,4.18338489532471,1.16137754917145,1.0505576133728,4.00210475921631,1.14412295818329,1.05668342113495,3.81555342674255,1.12638545036316,1.06265270709991,3.63701915740967,1.10805654525757,1.0680764913559,3.47229170799255,1.08921003341675,1.07273101806641,3.31904482841492,1.07000768184662,1.07650017738342,3.178715467453,1.05043375492096,1.07924485206604,3.08028650283813,1.03019154071808,1.08002495765686,2.86780953407288,1.02913296222687,1.07713198661804,0,1,1,5.03154802322388,1.28901863098145,1.00303661823273,5.36557388305664,1.2818409204483,1.00559258460999,5.57707071304321,1.27854096889496,1.00799357891083,5.74641084671021,1.27628684043884,1.0102813243866,5.86886358261108,1.27503752708435,1.01258313655853,5.94905519485474,1.27421498298645,1.0149632692337,5.99404144287109,1.27362859249115,1.01749563217163,6.00554800033569,1.27321004867554,1.02025592327118,5.98022413253784,1.27290177345276,1.02334940433502,5.91802072525024,1.27266120910645,1.02687621116638,5.81131982803345,1.27205526828766,1.03098475933075,5.67045211791992,1.26809704303741,1.03574466705322,5.51510715484619,1.25397908687592,1.04148542881012,5.34789752960205,1.23436009883881,1.04787611961365,5.1656379699707,1.21377527713776,1.05456876754761,4.9715428352356,1.1926680803299,1.06141006946564,4.77220869064331,1.17118489742279,1.06819677352905,4.57705593109131,1.14929604530334,1.07467126846313,4.39450979232788,1.12701261043549,1.08058297634125,4.22697257995605,1.10442864894867,1.08579409122467,4.07848882675171,1.08159065246582,1.09004354476929,3.95533776283264,1.05840373039246,1.09308958053589,3.89730453491211,1.03454387187958,1.09385752677917,3.70303273200989,1.03368639945984,1.09187030792236,0,1,1,5.60578012466431,1.34506547451019,1.00347483158112,5.91451835632324,1.33906435966492,1.00653791427612,6.12014055252075,1.33603572845459,1.00943613052368,6.29750633239746,1.33405411243439,1.01220214366913,6.41995334625244,1.33321094512939,1.01501202583313,6.50246047973633,1.33280146121979,1.01790344715118,6.5462589263916,1.33262765407562,1.02097749710083,6.54851341247559,1.33251595497131,1.02433252334595,6.51039743423462,1.33222043514252,1.02804386615753,6.43302440643311,1.33141255378723,1.03216254711151,6.30792856216431,1.32899367809296,1.0368527173996,6.1578631401062,1.31773054599762,1.04239881038666,6.00036382675171,1.29477918148041,1.04892373085022,5.82986354827881,1.27021276950836,1.05580365657806,5.64737224578857,1.24515020847321,1.06289565563202,5.45891094207764,1.21984386444092,1.07002592086792,5.26864385604858,1.19438087940216,1.07704949378967,5.0817232131958,1.16876530647278,1.08380961418152,4.90313673019409,1.14302599430084,1.0901517868042,4.73732900619507,1.11717784404755,1.09591937065125,4.59404277801514,1.09113478660583,1.10074996948242,4.4879412651062,1.06481170654297,1.10429358482361,4.46934843063354,1.03788828849792,1.10538530349731,4.28486061096191,1.03722679615021,1.1041008234024,0,1,1,5.75433969497681,1.40306901931763,1.00396633148193,6.0768928527832,1.39612889289856,1.00747716426849,6.31222915649414,1.39203214645386,1.0107661485672,6.48378562927246,1.39043581485748,1.01399958133698,6.61404800415039,1.38973426818848,1.01722013950348,6.69353294372559,1.38971781730652,1.02057027816772,6.73281383514404,1.3898857831955,1.02411484718323,6.72972917556763,1.38993263244629,1.02794528007507,6.68342638015747,1.38945984840393,1.03213787078857,6.59390687942505,1.38800656795502,1.03674685955048,6.46307373046875,1.38215053081512,1.04196667671204,6.322096824646,1.35933935642242,1.04835855960846,6.17084169387817,1.33114659786224,1.05532550811768,6.00778007507324,1.30223417282104,1.0625638961792,5.83625364303589,1.27318501472473,1.0699474811554,5.65800523757935,1.24414730072021,1.07737147808075,5.47819852828979,1.2151290178299,1.08469998836517,5.30111694335938,1.18612217903137,1.09180796146393,5.13212871551514,1.15711832046509,1.09854876995087,4.9778356552124,1.12810122966766,1.1047455072403,4.85211849212646,1.09903240203857,1.1100195646286,4.777916431427,1.06993997097015,1.11395239830017,4.80981922149658,1.0405033826828,1.11540865898132,4.6401219367981,1.03994476795197,1.11448085308075,0,1,1,5.60389614105225,1.46042549610138,1.00441753864288,5.97901010513306,1.45091509819031,1.00829124450684,6.20403003692627,1.44709467887878,1.0120040178299,6.37776517868042,1.44548964500427,1.01562166213989,6.50818538665771,1.44491267204285,1.01922202110291,6.58447742462158,1.44511663913727,1.02295744419098,6.61849451065063,1.44548070430756,1.02689552307129,6.61015033721924,1.44553458690643,1.03111267089844,6.55944156646729,1.4447455406189,1.03567814826965,6.46691131591797,1.44251537322998,1.04063320159912,6.34386205673218,1.42723953723907,1.04653704166412,6.21487998962402,1.39621579647064,1.05349171161652,6.07359313964844,1.36367642879486,1.06081140041351,5.92029237747192,1.3309520483017,1.0683788061142,5.75897073745728,1.29834806919098,1.07608342170715,5.59103345870972,1.26591885089874,1.08383905887604,5.42276382446289,1.23360109329224,1.0915060043335,5.2586669921875,1.20133411884308,1.09896039962769,5.10644435882568,1.16914808750153,1.10604071617126,4.97569370269775,1.13711285591125,1.1125545501709,4.88334178924561,1.10532128810883,1.11813402175903,4.85061264038086,1.07380926609039,1.1224170923233,4.93885374069214,1.04244029521942,1.12430107593536,4.78251314163208,1.04199910163879,1.12361526489258,0,1,1,5.17288589477539,1.51777935028076,1.00486361980438,5.59367179870605,1.50664520263672,1.00910556316376,5.8342227935791,1.50168371200562,1.01316010951996,6.01599645614624,1.4995299577713,1.01709878444672,6.14882326126099,1.4988329410553,1.02101528644562,6.22089290618896,1.49909603595734,1.02507615089417,6.2551908493042,1.49944972991943,1.02930402755737,6.2450008392334,1.49935698509216,1.033811211586,6.19318437576294,1.49813318252563,1.03865087032318,6.0997519493103,1.49506556987762,1.04387450218201,5.99418640136719,1.46496188640594,1.0505747795105,5.87445259094238,1.42914402484894,1.05788946151733,5.74248552322388,1.39281475543976,1.06552815437317,5.59802722930908,1.35665690898895,1.07341861724854,5.44591522216797,1.3207939863205,1.08145642280579,5.28861045837402,1.28517043590546,1.08955419063568,5.13453102111816,1.24963212013245,1.09754574298859,4.99114799499512,1.21413791179657,1.1052759885788,4.86716556549072,1.17888295650482,1.11259305477142,4.77027273178101,1.144082903862,1.11935818195343,4.7192702293396,1.11004996299744,1.12523877620697,4.73273944854736,1.07670712471008,1.12992036342621,4.87459850311279,1.04392397403717,1.13233935832977,4.72632312774658,1.04355764389038,1.13186955451965,0,1,1,4.56595182418823,1.57038033008575,1.00523066520691,4.99430370330811,1.56071174144745,1.0098340511322,5.24208974838257,1.55522131919861,1.01421391963959,5.43302488327026,1.55245590209961,1.01843130588531,5.56448984146118,1.55150306224823,1.02263379096985,5.64346361160278,1.55158686637878,1.02691555023193,5.67734384536743,1.55178964138031,1.03137648105621,5.66716194152832,1.55144667625427,1.03609979152679,5.6177830696106,1.54973769187927,1.04113304615021,5.5337963104248,1.53655183315277,1.04691016674042,5.43953561782837,1.4983959197998,1.05406022071838,5.32863235473633,1.45852696895599,1.06167125701904,5.20383977890015,1.41873860359192,1.06961476802826,5.06855726242065,1.37936723232269,1.07780385017395,4.92665004730225,1.34039318561554,1.08615565299988,4.78288078308105,1.30163550376892,1.09456717967987,4.65136528015137,1.26279509067535,1.10279476642609,4.54074573516846,1.22415828704834,1.11069405078888,4.45273494720459,1.18624877929688,1.11822986602783,4.39372968673706,1.14931178092957,1.12529373168945,4.38235092163086,1.11348140239716,1.13156294822693,4.43648767471313,1.07867515087128,1.13675045967102,4.62165451049805,1.04488229751587,1.13984394073486,4.4822735786438,1.04470312595367,1.13951456546783,0,1,1,3.72310662269592,1.6264568567276,1.00561034679413,4.18980836868286,1.61436975002289,1.01051461696625,4.45349979400635,1.6076055765152,1.01517271995544,4.65283918380737,1.60410165786743,1.01963865756989,4.79020881652832,1.60273396968842,1.02406167984009,4.87719917297363,1.60249710083008,1.02851366996765,4.91222763061523,1.60245561599731,1.03315043449402,4.90758085250854,1.60182094573975,1.03800678253174,4.86274576187134,1.5995888710022,1.04317116737366,4.7911376953125,1.57115638256073,1.0496232509613,4.70473909378052,1.52813625335693,1.05706596374512,4.60233879089355,1.48461401462555,1.06493163108826,4.48672771453857,1.44150269031525,1.07313072681427,4.36260271072388,1.39889550209045,1.08157873153687,4.23521518707275,1.35664772987366,1.09018576145172,4.11644172668457,1.31451737880707,1.09878075122833,4.01693487167358,1.27267503738403,1.10718274116516,3.93766784667969,1.23163223266602,1.1153529882431,3.88273739814758,1.19174456596375,1.12321531772614,3.85823202133179,1.15310275554657,1.13065958023071,3.88371443748474,1.11600399017334,1.13738143444061,3.97531318664551,1.08022201061249,1.14311754703522,4.19759654998779,1.04578590393066,1.1469132900238,4.04236650466919,1.04564440250397,1.15538811683655,0,1,1,2.68962240219116,1.68206286430359,1.00597071647644,3.20655298233032,1.66670048236847,1.01114249229431,3.49285340309143,1.65884935855865,1.01604056358337,3.70616817474365,1.6544451713562,1.02070760726929,3.8500063419342,1.65236270427704,1.02531361579895,3.943514585495,1.65174782276154,1.02990567684174,3.98709034919739,1.65148735046387,1.03463900089264,3.98874068260193,1.6505583524704,1.0395827293396,3.9491286277771,1.64112424850464,1.04508912563324,3.89013934135437,1.60178017616272,1.05198097229004,3.80933570861816,1.55466282367706,1.05967724323273,3.71508860588074,1.50767338275909,1.06777429580688,3.61101484298706,1.46120977401733,1.07619607448578,3.50279021263123,1.41522133350372,1.08486032485962,3.3978157043457,1.36960101127625,1.09366059303284,3.30888533592224,1.32455396652222,1.10243844985962,3.23777389526367,1.28037214279175,1.1111124753952,3.18833827972412,1.23741972446442,1.11960339546204,3.16508316993713,1.19590616226196,1.12782371044159,3.17241144180298,1.15597891807556,1.13568639755249,3.22924613952637,1.117830991745,1.14290809631348,3.35149955749512,1.081263422966,1.14923334121704,3.59986567497253,1.04637813568115,1.15379178524017,3.3923864364624,1.04622614383698,1.16818261146545,0,1,1,1.45947694778442,1.77694058418274,1.00819540023804,1.99700427055359,1.76864731311798,1.01674866676331,2.28708791732788,1.76160407066345,1.02542793750763,2.49573993682861,1.75571060180664,1.03421056270599,2.64234948158264,1.75041568279266,1.04304325580597,2.73256754875183,1.74534952640533,1.05188453197479,2.78163552284241,1.73988521099091,1.06069314479828,2.78806734085083,1.73321557044983,1.06941556930542,2.76061153411865,1.70563685894012,1.07836997509003,2.71135449409485,1.65355575084686,1.08772528171539,2.64458465576172,1.59829127788544,1.09715914726257,2.56714177131653,1.54405248165131,1.10657775402069,2.48374652862549,1.49095213413239,1.1159725189209,2.40324091911316,1.43895757198334,1.12536752223969,2.3295476436615,1.38809680938721,1.13477694988251,2.27193903923035,1.33881044387817,1.14424657821655,2.23090124130249,1.29117119312286,1.15378963947296,2.21241998672485,1.24540460109711,1.16344630718231,2.21744775772095,1.20161092281342,1.17323160171509,2.25200200080872,1.15982747077942,1.18318784236908,2.33246803283691,1.12037813663483,1.19342279434204,2.46927237510681,1.08277988433838,1.20400786399841,2.71703577041626,1.04711627960205,1.2152863740921,2.53229880332947,1.04661595821381,1.18902575969696,0,1,1,-0.0606050565838814,1.79073739051819,1.00853598117828,0.520648658275604,1.78111445903778,1.01746511459351,0.836122334003448,1.77191877365112,1.02654254436493,1.0515638589859,1.76418840885162,1.03571879863739,1.2021758556366,1.75738871097565,1.04495882987976,1.30403971672058,1.75110483169556,1.05423903465271,1.36638593673706,1.74489963054657,1.06351006031036,1.3915331363678,1.73821198940277,1.07273137569427,1.38101863861084,1.71185040473938,1.08181476593018,1.34876620769501,1.65973842144012,1.09074056148529,1.2982075214386,1.60388517379761,1.09951543807983,1.23965990543365,1.54896914958954,1.10817730426788,1.17767643928528,1.4950864315033,1.11673533916473,1.1189843416214,1.44224441051483,1.12521600723267,1.0663149356842,1.3905428647995,1.13363564014435,1.03145515918732,1.34050810337067,1.14205288887024,1.0131379365921,1.29222404956818,1.15049028396606,1.01492524147034,1.24591052532196,1.15898203849792,1.03879725933075,1.20173466205597,1.16755485534668,1.08986830711365,1.15967416763306,1.17624950408936,1.18061482906342,1.12011790275574,1.18515312671661,1.3199360370636,1.08241748809814,1.19432950019836,1.55708432197571,1.0467928647995,1.20409739017487,1.48472261428833,1.04660725593567,1.19090592861176,0,1,1,-1.41133463382721,1.80629014968872,1.00894439220428,-0.943483471870422,1.79288494586945,1.01821708679199,-0.634593665599823,1.78145349025726,1.0276654958725,-0.415161311626434,1.77190113067627,1.03723728656769,-0.255106061697006,1.76330769062042,1.04688894748688,-0.138845399022102,1.7557076215744,1.05661344528198,-0.0603302679955959,1.74869430065155,1.06635773181915,-0.0214939843863249,1.74195551872253,1.07607316970825,-0.0200336836278439,1.71684300899506,1.0852963924408,-0.0406021140515804,1.66482675075531,1.09370732307434,-0.0768442824482918,1.60867071151733,1.10170471668243,-0.121157087385654,1.55323922634125,1.10945916175842,-0.164944186806679,1.49867856502533,1.11701714992523,-0.205288141965866,1.44501137733459,1.12440121173859,-0.233412757515907,1.39245426654816,1.13166844844818,-0.247440576553345,1.3415812253952,1.13883125782013,-0.243569940328598,1.29262936115265,1.14596056938171,-0.22146213054657,1.24584102630615,1.15308284759521,-0.178620338439941,1.20134925842285,1.16023409366608,-0.113417528569698,1.15913820266724,1.16744101047516,-0.0138025600463152,1.1195160150528,1.17478477954865,0.128827393054962,1.08194708824158,1.18233740329742,0.352945774793625,1.04650962352753,1.19035387039185,0.317039430141449,1.04641115665436,1.19040191173553,0,1,1,-2.80169677734375,1.82049787044525,1.00935447216034,-2.43571996688843,1.80393660068512,1.01896941661835,-2.13216686248779,1.79081797599792,1.02879679203033,-1.89681875705719,1.77900183200836,1.03877127170563,-1.7210738658905,1.76848971843719,1.04884421825409,-1.59454810619354,1.75921320915222,1.05900001525879,-1.50406777858734,1.75125694274902,1.06920647621155,-1.45074892044067,1.74443256855011,1.07942545413971,-1.43928575515747,1.72053837776184,1.08879292011261,-1.45421087741852,1.66888689994812,1.09658896923065,-1.48366343975067,1.61262845993042,1.10365188121796,-1.51567351818085,1.55688977241516,1.11034035682678,-1.54528427124023,1.50169670581818,1.11670684814453,-1.56683552265167,1.44714140892029,1.1228015422821,-1.57490372657776,1.39359712600708,1.12868201732635,-1.56577241420746,1.34184646606445,1.13437628746033,-1.54047858715057,1.29222249984741,1.13996005058289,-1.49791836738586,1.24501430988312,1.14547562599182,-1.43794548511505,1.20031368732452,1.15095245838165,-1.35847842693329,1.15807962417603,1.15642464160919,-1.25009226799011,1.11862075328827,1.16195833683014,-1.10722994804382,1.0812680721283,1.16760909557343,-0.89650559425354,1.04602980613708,1.17360091209412,-0.932022273540497,1.04598188400269,1.18073177337646,0,1,1,-4.32536458969116,1.8339170217514,1.00973296165466,-3.96539187431335,1.81451117992401,1.01972234249115,-3.62322449684143,1.79908740520477,1.02996182441711,-3.38347578048706,1.78509914875031,1.04032778739929,-3.2025945186615,1.7725156545639,1.05080032348633,-3.05813813209534,1.7617199420929,1.06140124797821,-2.95498991012573,1.75252795219421,1.07206618785858,-2.89469146728516,1.74564969539642,1.08277475833893,-2.88119792938232,1.72188758850098,1.09240436553955,-2.89715766906738,1.67090475559235,1.10009407997131,-2.9225766658783,1.61523735523224,1.10690379142761,-2.9485650062561,1.55960750579834,1.11324226856232,-2.96541976928711,1.50401282310486,1.11918675899506,-2.96869826316833,1.44856798648834,1.12478613853455,-2.953449010849,1.39393162727356,1.13011360168457,-2.92105865478516,1.34129583835602,1.13519024848938,-2.8739640712738,1.2911182641983,1.14011192321777,-2.81213283538818,1.24363827705383,1.14492201805115,-2.73524141311646,1.19889521598816,1.14965569972992,-2.64303255081177,1.15677189826965,1.15433776378632,-2.52935671806335,1.11748790740967,1.15901100635529,-2.38690042495728,1.08047604560852,1.16375207901001,-2.18902516365051,1.04555916786194,1.16873741149902,-2.22571969032288,1.04551470279694,1.17644619941711,0,1,1,-5.97002029418945,1.84693264961243,1.01008665561676,-5.50972414016724,1.82467305660248,1.02048277854919,-5.15430212020874,1.80655825138092,1.03110563755035,-4.89038896560669,1.79042315483093,1.04188239574432,-4.69043588638306,1.77595102787018,1.05277442932129,-4.53595781326294,1.76309442520142,1.06378972530365,-4.4213342666626,1.75273633003235,1.07490527629852,-4.35558557510376,1.74579787254333,1.08610141277313,-4.34576320648193,1.72147715091705,1.09611546993256,-4.36940479278564,1.67143213748932,1.10421133041382,-4.39743947982788,1.61672592163086,1.11143565177917,-4.418532371521,1.56146442890167,1.11816871166229,-4.423903465271,1.50547575950623,1.12446522712708,-4.40625905990601,1.44890379905701,1.13038003444672,-4.36696624755859,1.39301812648773,1.13598704338074,-4.31037092208862,1.33964109420776,1.14133167266846,-4.24122619628906,1.28912568092346,1.1465106010437,-4.16192483901978,1.24159359931946,1.15155506134033,-4.0720009803772,1.19698119163513,1.15649950504303,-3.96945643424988,1.15516400337219,1.16138160228729,-3.85150837898254,1.11619365215302,1.16621434688568,-3.71145796775818,1.07952451705933,1.17107474803925,-3.52863335609436,1.04501938819885,1.1761087179184,-3.56557083129883,1.04494988918304,1.17800676822662,0,1,1,-7.63278532028198,1.85963439941406,1.01044738292694,-7.04327774047852,1.83404338359833,1.02126729488373,-6.69196033477783,1.81385099887848,1.03226912021637,-6.41240072250366,1.79515278339386,1.04343807697296,-6.1977014541626,1.77843964099884,1.0547297000885,-6.02582502365112,1.76401484012604,1.0661746263504,-5.90089464187622,1.7522736787796,1.07772731781006,-5.8326096534729,1.74525249004364,1.08940434455872,-5.83861684799194,1.72071635723114,1.09978699684143,-5.87647104263306,1.67143964767456,1.10827851295471,-5.90803909301758,1.61720597743988,1.11590754985809,-5.92362928390503,1.5619330406189,1.12302672863007,-5.91312122344971,1.50511848926544,1.12966656684875,-5.87098026275635,1.44695854187012,1.13586640357971,-5.80777549743652,1.3900398015976,1.14173924922943,-5.72977828979492,1.33638548851013,1.14735066890717,-5.64288806915283,1.28595733642578,1.15278446674347,-5.54888963699341,1.2387090921402,1.15807056427002,-5.44806718826294,1.19448280334473,1.16323626041412,-5.33898639678955,1.15309393405914,1.16831398010254,-5.2185525894165,1.1146388053894,1.17332243919373,-5.08198690414429,1.07848179340363,1.17832100391388,-4.91423606872559,1.04438197612762,1.18341171741486,-4.95073843002319,1.04432237148285,1.18335044384003,0,1,1,-9.33207321166992,1.87235283851624,1.0108048915863,-8.63247871398926,1.84349083900452,1.02203440666199,-8.24014663696289,1.82018411159515,1.0334392786026,-7.94626045227051,1.79933071136475,1.04499697685242,-7.71413469314575,1.78081119060516,1.05669617652893,-7.5302882194519,1.76464414596558,1.06854975223541,-7.39714956283569,1.75171279907227,1.08053195476532,-7.33910274505615,1.74522125720978,1.09267628192902,-7.36833810806274,1.72027206420898,1.10340929031372,-7.41539716720581,1.67057478427887,1.11227786540985,-7.44423675537109,1.615558385849,1.12027740478516,-7.44907522201538,1.55904316902161,1.12772905826569,-7.41693305969238,1.50064587593079,1.13466811180115,-7.35176277160645,1.44168627262115,1.14115905761719,-7.26943826675415,1.38479626178741,1.1473206281662,-7.17630910873413,1.33154225349426,1.15320539474487,-7.07659196853638,1.28164660930634,1.15890085697174,-6.97255039215088,1.23501324653625,1.16443455219269,-6.86412858963013,1.19142127037048,1.16983282566071,-6.75043773651123,1.15067446231842,1.17512547969818,-6.63009119033813,1.11282980442047,1.18031740188599,-6.4987964630127,1.07728362083435,1.18546807765961,-6.34497499465942,1.04368209838867,1.19064342975616,-6.38147878646851,1.04362106323242,1.19057035446167,0,1,1,-10.9070873260498,1.88080382347107,1.01119720935822,-10.2388772964478,1.85209131240845,1.02280211448669,-9.8147497177124,1.82581901550293,1.0345938205719,-9.49930095672607,1.80306756496429,1.04654777050018,-9.25181293487549,1.78262305259705,1.05863833427429,-9.05762386322021,1.76537418365479,1.07090449333191,-8.92541313171387,1.75230765342712,1.08332204818726,-8.89031791687012,1.74732136726379,1.09594249725342,-8.93599224090576,1.7201235294342,1.10697937011719,-8.98022079467773,1.66791188716888,1.11616241931915,-8.99633312225342,1.61066031455994,1.12446963787079,-8.97865962982178,1.55191051959991,1.13220798969269,-8.92660140991211,1.49239242076874,1.13942682743073,-8.84731483459473,1.43380677700043,1.14622342586517,-8.75323486328125,1.37774538993835,1.15268838405609,-8.65004539489746,1.32540011405945,1.15886294841766,-8.54343223571777,1.27641129493713,1.16482698917389,-8.43338584899902,1.23064970970154,1.17061996459961,-8.32083797454834,1.18788611888885,1.17626285552979,-8.20632076263428,1.14793217182159,1.18177926540375,-8.086989402771,1.11079239845276,1.18717515468597,-7.96165227890015,1.07591700553894,1.19249737262726,-7.8213849067688,1.04293572902679,1.19778907299042,-7.85771656036377,1.04285478591919,1.1977037191391,0,1,1,-12.4322986602783,1.88706576824188,1.01160621643066,-11.8291082382202,1.85900115966797,1.02358365058899,-11.4026727676392,1.83139705657959,1.03575563430786,-11.0697231292725,1.80679714679718,1.04809820652008,-10.8017873764038,1.7848699092865,1.06059598922729,-10.6094741821289,1.76688277721405,1.07325828075409,-10.4939126968384,1.75469398498535,1.08611309528351,-10.4850168228149,1.75060284137726,1.09918904304504,-10.5305595397949,1.71881282329559,1.11045920848846,-10.5621614456177,1.6627162694931,1.11988472938538,-10.5572423934937,1.60271561145782,1.12845575809479,-10.5191679000854,1.54214787483215,1.13645029067993,-10.4504823684692,1.48228549957275,1.14395761489868,-10.3619976043701,1.42442047595978,1.1510546207428,-10.2614984512329,1.3694623708725,1.1578221321106,-10.1540632247925,1.31829762458801,1.16428923606873,-10.0437068939209,1.27043032646179,1.17053759098053,-9.93207359313965,1.22571420669556,1.17659735679626,-9.81902885437012,1.18392741680145,1.18249678611755,-9.7053747177124,1.14482796192169,1.18825078010559,-9.59000587463379,1.10855269432068,1.19387185573578,-9.47084426879883,1.0743579864502,1.19938254356384,-9.34350204467773,1.04205763339996,1.20482039451599,-9.37892532348633,1.04203116893768,1.20474362373352,0,1,1,-14.0976142883301,1.8965470790863,1.01198709011078,-13.4869022369385,1.86702370643616,1.02434551715851,-13.0086479187012,1.83711338043213,1.03692317008972,-12.6534767150879,1.81029629707336,1.04964888095856,-12.3804244995117,1.78700220584869,1.06252372264862,-12.1906785964966,1.76918983459473,1.07560777664185,-12.1006517410278,1.75801277160645,1.08889162540436,-12.1081714630127,1.75266981124878,1.10234975814819,-12.1427211761475,1.71545350551605,1.11381125450134,-12.1532096862793,1.65532231330872,1.12345206737518,-12.1275453567505,1.59282457828522,1.13225221633911,-12.0707597732544,1.53111147880554,1.140505194664,-11.9923076629639,1.47135210037231,1.14828646183014,-11.8987398147583,1.41437935829163,1.15567874908447,-11.7963075637817,1.36063396930695,1.16274547576904,-11.6888647079468,1.31074726581573,1.16950738430023,-11.5795488357544,1.26409804821014,1.17604148387909,-11.4690017700195,1.22051179409027,1.18238186836243,-11.358283996582,1.17975914478302,1.1885484457016,-11.2474966049194,1.14162862300873,1.1945641040802,-11.13658618927,1.10614633560181,1.20041811466217,-11.0247678756714,1.07275319099426,1.20614874362946,-10.9094171524048,1.04116189479828,1.21176385879517,-10.944016456604,1.04113900661469,1.21168565750122,0,1,1,-15.859073638916,1.90802431106567,1.01235485076904,-15.1488742828369,1.87403988838196,1.02510976791382,-14.6328172683716,1.84194767475128,1.03807520866394,-14.2614736557007,1.81392383575439,1.05119168758392,-13.9800748825073,1.79003548622131,1.06446886062622,-13.809362411499,1.7723673582077,1.07794332504272,-13.741382598877,1.76150524616241,1.09164118766785,-13.7506332397461,1.75265836715698,1.10539150238037,-13.7655839920044,1.70993411540985,1.11702036857605,-13.7522764205933,1.64623486995697,1.12686133384705,-13.706093788147,1.58182156085968,1.13588714599609,-13.6375360488892,1.51951324939728,1.14438366889954,-13.553861618042,1.46015965938568,1.15243422985077,-13.4600801467896,1.40418183803558,1.160111784935,-13.3602876663208,1.351691365242,1.16747152805328,-13.2565116882324,1.30309331417084,1.17452752590179,-13.1508235931396,1.25766861438751,1.18135356903076,-13.0443410873413,1.21522843837738,1.18798041343689,-12.9379405975342,1.17553162574768,1.1944272518158,-12.8314237594604,1.13831722736359,1.20071017742157,-12.7264547348022,1.10371387004852,1.20682334899902,-12.6224546432495,1.07114541530609,1.21279871463776,-12.5189695358276,1.04029023647308,1.21861886978149,-12.5520391464233,1.04017901420593,1.21852588653564,0,1,1,-17.6302146911621,1.91905772686005,1.01272857189178,-16.8048496246338,1.88048577308655,1.02588474750519,-16.283971786499,1.8474280834198,1.03923058509827,-15.8924150466919,1.81790220737457,1.05273377895355,-15.6147289276123,1.79343605041504,1.06639122962952,-15.4593658447266,1.77609467506409,1.08027303218842,-15.4067277908325,1.7644100189209,1.09434878826141,-15.406322479248,1.7508602142334,1.10832750797272,-15.3962078094482,1.70263636112213,1.12008821964264,-15.3590440750122,1.63584864139557,1.13011133670807,-15.2975091934204,1.57010674476624,1.1393495798111,-15.2223682403564,1.50763881206512,1.14808368682861,-15.1389770507812,1.448939204216,1.15639674663544,-15.0495529174805,1.39403665065765,1.16435205936432,-14.9556760787964,1.34278571605682,1.17199981212616,-14.8583288192749,1.29542696475983,1.17934608459473,-14.75914478302,1.25120031833649,1.18646383285522,-14.6585178375244,1.20985329151154,1.19337928295135,-14.5578289031982,1.17116320133209,1.20011126995087,-14.4578828811646,1.13491761684418,1.20667719841003,-14.358959197998,1.10114526748657,1.21306204795837,-14.2624397277832,1.06933259963989,1.2192929983139,-14.1695861816406,1.03923070430756,1.22535228729248,-14.2011699676514,1.03914499282837,1.22526681423187,0,1,1,-19.4320640563965,1.93194425106049,1.01311087608337,-18.513542175293,1.8885589838028,1.02665722370148,-17.9454689025879,1.85274124145508,1.04039347171783,-17.5487174987793,1.82231473922729,1.05427598953247,-17.2767772674561,1.79758846759796,1.06832325458527,-17.1396503448486,1.77999627590179,1.0825856924057,-17.0930271148682,1.76652705669403,1.0970047712326,-17.0725212097168,1.74758732318878,1.11116302013397,-17.034496307373,1.69418692588806,1.12303411960602,-16.9758014678955,1.62487828731537,1.13322913646698,-16.9039325714111,1.55830693244934,1.14267468452454,-16.8287315368652,1.4960515499115,1.15164196491241,-16.7512760162354,1.43817281723022,1.16021084785461,-16.6705284118652,1.38435900211334,1.16843557357788,-16.5855274200439,1.33427155017853,1.17636239528656,-16.4961795806885,1.28805589675903,1.1839964389801,-16.4043502807617,1.24491918087006,1.19140553474426,-16.3110542297363,1.20460557937622,1.1986129283905,-16.2171630859375,1.16687107086182,1.20563650131226,-16.1238479614258,1.13149428367615,1.21248924732208,-16.032075881958,1.09853851795197,1.21915817260742,-15.9430513381958,1.06746542453766,1.22566330432892,-15.859411239624,1.03803467750549,1.23197531700134,-15.8900442123413,1.03799533843994,1.23190140724182,0,1,1,-21.1938762664795,1.94137990474701,1.01349627971649,-20.2408428192139,1.8963828086853,1.02743005752563,-19.6434173583984,1.85860621929169,1.04154682159424,-19.233736038208,1.82719087600708,1.05581736564636,-18.9704151153564,1.80207216739655,1.07024443149567,-18.8476295471191,1.78375244140625,1.08487164974213,-18.7961292266846,1.76772272586823,1.09960234165192,-18.7490730285645,1.74325346946716,1.11390686035156,-18.6838722229004,1.68520259857178,1.12587487697601,-18.6069412231445,1.61392343044281,1.13623881340027,-18.5307540893555,1.54699003696442,1.14589309692383,-18.4629096984863,1.48525583744049,1.1550909280777,-18.396448135376,1.42827749252319,1.1639096736908,-18.3264942169189,1.3754711151123,1.17239761352539,-18.2509613037109,1.32640898227692,1.18059957027435,-18.170618057251,1.28120052814484,1.18851506710052,-18.0868148803711,1.23903048038483,1.1962126493454,-18.0011730194092,1.19964075088501,1.2037125825882,-17.914831161499,1.16278469562531,1.21103119850159,-17.8284072875977,1.12821400165558,1.21817874908447,-17.7439250946045,1.09601449966431,1.2251410484314,-17.6626453399658,1.06565821170807,1.23193693161011,-17.5868682861328,1.03686130046844,1.23852491378784,-17.5934524536133,1.03620755672455,1.237584233284,0,1,1,-22.8918590545654,1.94661903381348,1.0138840675354,-21.9618358612061,1.90285813808441,1.02820456027985,-21.3576564788818,1.86460530757904,1.04270803928375,-20.9467182159424,1.83244502544403,1.05735719203949,-20.6942138671875,1.80684888362885,1.07215785980225,-20.5800743103027,1.78730380535126,1.08713328838348,-20.5151920318604,1.76818549633026,1.10214424133301,-20.4387722015381,1.73812747001648,1.11655700206757,-20.3489780426025,1.67584073543549,1.1286039352417,-20.2584095001221,1.60307574272156,1.13913261890411,-20.1876564025879,1.53621697425842,1.14898812770844,-20.1339263916016,1.4752414226532,1.15841567516327,-20.0803527832031,1.41909003257751,1.16747498512268,-20.0206527709961,1.36713409423828,1.17621910572052,-19.954460144043,1.31893420219421,1.18468618392944,-19.8825035095215,1.27458965778351,1.19287836551666,-19.8067569732666,1.23326683044434,1.20085942745209,-19.7288513183594,1.19468760490417,1.20864689350128,-19.6499557495117,1.15861189365387,1.21625888347626,-19.5709857940674,1.12478923797607,1.22370326519012,-19.4939632415771,1.09329915046692,1.23096585273743,-19.419885635376,1.06359446048737,1.23805940151215,-19.3530979156494,1.03549826145172,1.2449539899826,-19.2507724761963,1.03551256656647,1.24267649650574,0,1,1,-24.6366157531738,1.8274872303009,1.01330626010895,-23.6849842071533,1.78928709030151,1.02705025672913,-23.041316986084,1.75331830978394,1.04095244407654,-22.6149139404297,1.72334384918213,1.05497789382935,-22.3478012084961,1.69889032840729,1.06912052631378,-22.213794708252,1.6794136762619,1.08339738845825,-22.1306018829346,1.66047513484955,1.09769284725189,-22.0419883728027,1.63910293579102,1.11188626289368,-21.9233627319336,1.61176288127899,1.12569200992584,-21.8140335083008,1.55621910095215,1.13710629940033,-21.7429637908936,1.49637913703918,1.14725542068481,-21.7022895812988,1.44105863571167,1.15691781044006,-21.6608352661133,1.38952946662903,1.16619181632996,-21.6122970581055,1.34151184558868,1.17514359951019,-21.5563201904297,1.29675257205963,1.18381881713867,-21.4933643341064,1.25540626049042,1.19222319126129,-21.4258441925049,1.21676874160767,1.20042014122009,-21.3552913665771,1.18061685562134,1.20843040943146,-21.2830410003662,1.14673602581024,1.21626925468445,-21.2105159759521,1.11493837833405,1.22394943237305,-21.1384620666504,1.08524656295776,1.23145091533661,-21.0694904327393,1.05723643302917,1.23879539966583,-21.0062675476074,1.03069269657135,1.2459489107132,-20.5382347106934,1.03559601306915,1.24528896808624,0,1,1,-26.0995140075684,1.71319568157196,1.01275563240051,-25.0853157043457,1.67628824710846,1.02591395378113,-24.4039726257324,1.64228427410126,1.03921282291412,-23.9599304199219,1.6145236492157,1.05262184143066,-23.6781215667725,1.59123659133911,1.06610906124115,-23.5251789093018,1.57211256027222,1.07969558238983,-23.4239463806152,1.55365371704102,1.09328877925873,-23.3260173797607,1.53364562988281,1.10679256916046,-23.2067527770996,1.51112258434296,1.12011706829071,-23.0745868682861,1.48664522171021,1.13320100307465,-22.9884128570557,1.4536839723587,1.14519870281219,-22.9497318267822,1.40792214870453,1.15547263622284,-22.9146919250488,1.36324083805084,1.16521918773651,-22.8731327056885,1.32073175907135,1.17459952831268,-22.8237838745117,1.2806156873703,1.18368673324585,-22.7667140960693,1.24321150779724,1.19249820709229,-22.7045707702637,1.20805561542511,1.2011034488678,-22.638708114624,1.17500412464142,1.20952582359314,-22.5707302093506,1.14390897750854,1.21778166294098,-22.5019054412842,1.11461520195007,1.22588193416595,-22.4342460632324,1.08719217777252,1.23380839824677,-22.3704204559326,1.06124663352966,1.24157190322876,-22.3198680877686,1.03673923015594,1.24913501739502,-21.6984806060791,1.03895306587219,1.24794781208038,0,1,1,-27.1890907287598,1.59815776348114,1.01219928264618,-26.0749130249023,1.56109738349915,1.02476322650909,-25.3782691955566,1.5315043926239,1.03748762607574,-24.9115905761719,1.50575256347656,1.05028104782104,-24.6141910552979,1.48398947715759,1.06313240528107,-24.4428558349609,1.46544086933136,1.07603788375854,-24.3241596221924,1.44765627384186,1.08893835544586,-24.2154865264893,1.42895650863647,1.10175728797913,-24.0965251922607,1.40869402885437,1.114426612854,-23.9720001220703,1.38718390464783,1.12689626216888,-23.8758087158203,1.36582827568054,1.1391327381134,-23.8209190368652,1.34507215023041,1.15113580226898,-23.7861557006836,1.31822431087494,1.16222655773163,-23.7513332366943,1.28519034385681,1.17230761051178,-23.7090282440186,1.25255262851715,1.18201184272766,-23.658784866333,1.22138655185699,1.1914187669754,-23.6024990081787,1.19170117378235,1.20062100887299,-23.5419654846191,1.16351366043091,1.20964682102203,-23.4783344268799,1.13676869869232,1.21851527690887,-23.4139137268066,1.11141455173492,1.22723913192749,-23.3505744934082,1.08752250671387,1.23579931259155,-23.2916812896729,1.06478083133698,1.2441920042038,-22.8266620635986,1.05193281173706,1.2456864118576,-22.3277416229248,1.04433488845825,1.24711215496063,0,1,1,-27.8383865356445,1.48381161689758,1.01164877414703,-26.6093254089355,1.44779431819916,1.02363348007202,-25.8641376495361,1.42038083076477,1.03576636314392,-25.3752613067627,1.39698076248169,1.04795825481415,-25.0618381500244,1.37698185443878,1.06018817424774,-24.8736782073975,1.35943913459778,1.07243573665619,-24.7382144927979,1.3425065279007,1.08465564250946,-24.617977142334,1.32508873939514,1.09679579734802,-24.4966564178467,1.30675745010376,1.10880315303802,-24.3777637481689,1.28772032260895,1.12063694000244,-24.2813491821289,1.26886188983917,1.13227760791779,-24.220531463623,1.25073742866516,1.14374387264252,-24.1842479705811,1.23325061798096,1.15504515171051,-24.1552486419678,1.2160392999649,1.16617667675018,-24.1220302581787,1.1980859041214,1.17704391479492,-24.0807132720947,1.17793202400208,1.18741774559021,-24.0319538116455,1.15799844264984,1.19760358333588,-23.9771976470947,1.1385737657547,1.20764517784119,-23.9184284210205,1.11976897716522,1.21756458282471,-23.8576107025146,1.10162925720215,1.22737503051758,-23.7974300384521,1.08424842357635,1.237060546875,-23.7443027496338,1.06758117675781,1.24662518501282,-23.3276672363281,1.0497932434082,1.24582242965698,-22.9396286010742,1.04680037498474,1.2477707862854,0,1,1,-27.8492183685303,1.36561644077301,1.01108407974243,-26.5557537078857,1.33526015281677,1.02252173423767,-25.7496318817139,1.30995869636536,1.03407251834869,-25.2277965545654,1.28854393959045,1.04566812515259,-24.8985652923584,1.27038681507111,1.05728840827942,-24.6944961547852,1.25403451919556,1.06889235973358,-24.5413017272949,1.23814630508423,1.08045196533203,-24.409122467041,1.22202324867249,1.09192276000977,-24.2818641662598,1.20539259910583,1.10327088832855,-24.1641864776611,1.18848395347595,1.1144677400589,-24.0705814361572,1.17183423042297,1.12548851966858,-24.0057392120361,1.15575587749481,1.13635778427124,-23.9669513702393,1.14029669761658,1.14707970619202,-23.9430084228516,1.12531661987305,1.15766310691833,-23.9226703643799,1.11065745353699,1.16811728477478,-23.8993911743164,1.09628760814667,1.17843580245972,-23.8701400756836,1.0821704864502,1.18865406513214,-23.8349723815918,1.06834042072296,1.19878613948822,-23.7947845458984,1.05483865737915,1.20884704589844,-23.751106262207,1.04170155525208,1.21884882450104,-23.7051639556885,1.02900838851929,1.22879660129547,-23.5089702606201,1.02703034877777,1.23426306247711,-23.3587436676025,1.03886473178864,1.23732113838196,-23.4795722961426,1.05338275432587,1.24798452854156,0,1,1,-26.999490737915,1.24367439746857,1.01050198078156,-25.6874828338623,1.21996474266052,1.0213805437088,-24.8475208282471,1.19890511035919,1.03238165378571,-24.3024883270264,1.18042004108429,1.04341149330139,-23.9547080993652,1.16502058506012,1.0544365644455,-23.7342281341553,1.15412652492523,1.06540775299072,-23.5674171447754,1.14270675182343,1.07633256912231,-23.4241027832031,1.13052582740784,1.08715176582336,-23.2918758392334,1.11791610717773,1.09786009788513,-23.1746368408203,1.10487592220306,1.10842251777649,-23.0819988250732,1.09160530567169,1.11881673336029,-23.0168209075928,1.07832443714142,1.12907075881958,-22.9764671325684,1.06514286994934,1.13919103145599,-22.9526309967041,1.05215680599213,1.1491893529892,-22.9394493103027,1.03939783573151,1.15906870365143,-22.9278202056885,1.0270037651062,1.16883885860443,-22.9155941009521,1.01493990421295,1.17852187156677,-22.8997993469238,1.00324773788452,1.18813729286194,-22.8803215026855,0.991936683654785,1.19769835472107,-22.8580360412598,0.981007158756256,1.20721709728241,-22.832633972168,0.970517814159393,1.21670639514923,-22.8541870117188,0.985548377037048,1.22378647327423,-23.2608642578125,1.02486300468445,1.23296189308167,-23.6762752532959,1.05344915390015,1.24876499176025,0,1,1,-25.4491806030273,1.17942643165588,1.00996053218842,-24.1600704193115,1.1840991973877,1.02029156684875,-23.3394889831543,1.1804575920105,1.03072655200958,-22.8461647033691,1.17324936389923,1.04118680953979,-22.5352821350098,1.16408622264862,1.051633477211,-22.3441047668457,1.15336298942566,1.06200814247131,-22.1957340240479,1.14190900325775,1.0723067522049,-22.0624942779541,1.12993168830872,1.0825092792511,-21.9430522918701,1.11745667457581,1.0925829410553,-21.8391189575195,1.10469138622284,1.10252141952515,-21.7585010528564,1.09177589416504,1.11229908466339,-21.6993408203125,1.07888495922089,1.121941447258,-21.6625308990479,1.06607758998871,1.13144731521606,-21.6408958435059,1.05349183082581,1.14083778858185,-21.6310367584229,1.04116773605347,1.15012013912201,-21.6268463134766,1.02919232845306,1.15929424762726,-21.6242637634277,1.01758086681366,1.16839587688446,-21.6209602355957,1.00634372234344,1.17743766307831,-21.6168689727783,0.995479106903076,1.18642997741699,-21.6107273101807,0.985001087188721,1.19539046287537,-21.6893157958984,0.980103015899658,1.20356392860413,-22.2138080596924,0.992847323417664,1.21014285087585,-22.9421730041504,0.991686224937439,1.22380113601685,-22.9533271789551,1.00859296321869,1.22838926315308,0,1,1,-23.6979103088379,1.17735040187836,1.00941503047943,-22.4692363739014,1.18177306652069,1.01918697357178,-21.7870674133301,1.17941343784332,1.02908873558044,-21.3540172576904,1.17284524440765,1.03900492191315,-21.0909233093262,1.16417479515076,1.04889941215515,-20.9271907806396,1.15364837646484,1.05869591236115,-20.7948265075684,1.14224624633789,1.06839287281036,-20.675386428833,1.1303631067276,1.0779857635498,-20.5667552947998,1.11812829971313,1.08745682239532,-20.4727325439453,1.10563361644745,1.09679019451141,-20.3981685638428,1.09307813644409,1.10597229003906,-20.3449573516846,1.08045876026154,1.11500179767609,-20.3094654083252,1.06796383857727,1.12389922142029,-20.2883243560791,1.05568766593933,1.13267886638641,-20.2784938812256,1.04366886615753,1.14134812355042,-20.2764205932617,1.03201282024384,1.14991176128387,-20.2779712677002,1.02071058750153,1.15840017795563,-20.2807235717773,1.00978875160217,1.16683089733124,-20.2837085723877,0.999249815940857,1.1752165555954,-20.2861137390137,0.989096939563751,1.18357181549072,-20.4222030639648,0.981234848499298,1.1913058757782,-21.332202911377,0.978749573230743,1.19981670379639,-22.4432067871094,0.967569947242737,1.21696639060974,-22.50022315979,0.991581618785858,1.22039377689362,0,1,1,-21.9528903961182,1.17581939697266,1.00887930393219,-20.8095970153809,1.18062603473663,1.01810610294342,-20.1943778991699,1.17886352539062,1.02747309207916,-19.8318672180176,1.17337334156036,1.03687214851379,-19.6065616607666,1.16506195068359,1.04621875286102,-19.4769325256348,1.15483725070953,1.05545830726624,-19.3712730407715,1.14371955394745,1.06459093093872,-19.2660427093506,1.13208329677582,1.07360994815826,-19.1663112640381,1.12010848522186,1.0825023651123,-19.0792541503906,1.10791492462158,1.09125816822052,-19.006217956543,1.09560251235962,1.099848985672,-18.9556083679199,1.08324956893921,1.10828638076782,-18.9193515777588,1.07100021839142,1.11658430099487,-18.897798538208,1.05894124507904,1.1247535943985,-18.8871822357178,1.04713749885559,1.13280749320984,-18.8844413757324,1.03569936752319,1.14075136184692,-18.8860836029053,1.02460443973541,1.14861249923706,-18.8904876708984,1.01389133930206,1.1564120054245,-18.8964004516602,1.0035697221756,1.16416537761688,-18.9022521972656,0.993638873100281,1.17188620567322,-19.5984878540039,0.992880463600159,1.17739653587341,-20.3940601348877,0.983919680118561,1.189133644104,-21.0386199951172,0.982270240783691,1.19816720485687,-21.7756214141846,0.980908274650574,1.20823168754578,0,1,1,-19.9698219299316,1.17235159873962,1.00832343101501,-19.1212291717529,1.18011629581451,1.01704800128937,-18.6000652313232,1.17989253997803,1.02591514587402,-18.2844638824463,1.17487335205078,1.03478944301605,-18.1119174957275,1.1670755147934,1.04361319541931,-18.0104293823242,1.15722548961639,1.05231869220734,-17.9264011383057,1.14642930030823,1.06090927124023,-17.838809967041,1.13504958152771,1.06937491893768,-17.7450675964355,1.12347269058228,1.0777280330658,-17.6600856781006,1.11157190799713,1.08592784404755,-17.5899562835693,1.0995215177536,1.09395444393158,-17.5370330810547,1.08740746974945,1.10181963443756,-17.498514175415,1.07533168792725,1.10952770709991,-17.4748077392578,1.06342160701752,1.11709582805634,-17.4598293304443,1.05174481868744,1.12453579902649,-17.4539203643799,1.04041254520416,1.13185083866119,-17.4542026519775,1.02942442893982,1.13907504081726,-17.4571838378906,1.01882886886597,1.14623212814331,-17.4624195098877,1.00862205028534,1.15333366394043,-17.4687824249268,0.998814404010773,1.16039741039276,-18.4289054870605,0.998212516307831,1.16688060760498,-19.6563968658447,0.986760139465332,1.1821653842926,-20.2356452941895,0.982527852058411,1.18952775001526,-21.2268886566162,0.976076006889343,1.20139443874359,0,1,1,-18.0710525512695,1.17050528526306,1.00778412818909,-17.38352394104,1.17932403087616,1.01597988605499,-16.9691295623779,1.18036830425262,1.02433788776398,-16.724723815918,1.17686820030212,1.03273415565491,-16.6008224487305,1.17016673088074,1.04107880592346,-16.5282897949219,1.16095149517059,1.04928719997406,-16.4661560058594,1.15043783187866,1.05735266208649,-16.3946304321289,1.13948833942413,1.06530570983887,-16.3071041107178,1.12825834751129,1.07313537597656,-16.219274520874,1.11674010753632,1.08081662654877,-16.1467819213867,1.10497617721558,1.08830893039703,-16.0907821655273,1.09304046630859,1.09561765193939,-16.0483074188232,1.08107972145081,1.10275053977966,-16.0198841094971,1.06920695304871,1.10971784591675,-16.0009117126465,1.05755686759949,1.11654365062714,-15.98961353302,1.04622709751129,1.12322509288788,-15.9849615097046,1.03525042533875,1.12980496883392,-15.9842529296875,1.02465200424194,1.13630080223083,-15.9860410690308,1.01446676254272,1.14273571968079,-16.3181972503662,1.01415479183197,1.14547646045685,-16.9049911499023,1.00609815120697,1.15349459648132,-18.2046051025391,0.996577739715576,1.16664147377014,-18.9082145690918,0.992116928100586,1.17440021038055,-20.3646049499512,0.981651842594147,1.19069612026215,0,1,1,-16.2567043304443,1.17060518264771,1.00727105140686,-15.6771583557129,1.18123269081116,1.01497673988342,-15.3055782318115,1.18258488178253,1.02282512187958,-15.1545419692993,1.1801506280899,1.03074502944946,-15.0698795318604,1.1743289232254,1.03861463069916,-15.0250387191772,1.16588258743286,1.04635262489319,-14.9926958084106,1.15587544441223,1.05393314361572,-14.9351482391357,1.1454017162323,1.06139993667603,-14.8515214920044,1.13463795185089,1.06874597072601,-14.7603578567505,1.12353873252869,1.07593953609467,-14.6851644515991,1.11199355125427,1.08291339874268,-14.6225271224976,1.10012602806091,1.08967196941376,-14.5744466781616,1.08817875385284,1.09623432159424,-14.5387144088745,1.0762802362442,1.10261106491089,-14.5108299255371,1.06454193592072,1.10881817340851,-14.4929056167603,1.05311155319214,1.11485934257507,-14.4811277389526,1.04202258586884,1.12077903747559,-14.4730796813965,1.03132784366608,1.12660181522369,-14.4690351486206,1.02105331420898,1.13234841823578,-15.044994354248,1.02069926261902,1.13585376739502,-16.0208492279053,1.01007568836212,1.14647746086121,-17.3163833618164,1.00065386295319,1.15903532505035,-18.1117076873779,0.996359348297119,1.16684532165527,-19.9884281158447,0.983098804950714,1.18710029125214,0,1,1,-14.4008979797363,1.17109143733978,1.00675547122955,-13.8947973251343,1.18125927448273,1.01393413543701,-13.6900691986084,1.18538630008698,1.02133786678314,-13.5782594680786,1.18454122543335,1.02881300449371,-13.5379705429077,1.17975580692291,1.03623306751251,-13.5271396636963,1.17236065864563,1.04354238510132,-13.5098819732666,1.16292977333069,1.05066633224487,-13.4627294540405,1.15291678905487,1.05767142772675,-13.3785362243652,1.14274501800537,1.06457448005676,-13.2855987548828,1.13197124004364,1.07129442691803,-13.2036209106445,1.12052464485168,1.07775700092316,-13.1348514556885,1.10869264602661,1.083984375,-13.0792188644409,1.09664595127106,1.08997857570648,-13.0333280563354,1.08457541465759,1.09575605392456,-12.9941959381104,1.07262814044952,1.10133683681488,-12.9660453796387,1.06096410751343,1.10672187805176,-12.9429044723511,1.04964876174927,1.11196565628052,-12.9238500595093,1.03874218463898,1.11709439754486,-12.9093503952026,1.02827441692352,1.12213063240051,-13.4678134918213,1.0296311378479,1.12432587146759,-14.489049911499,1.01944971084595,1.13333773612976,-15.0029792785645,1.01627814769745,1.13734364509583,-16.9218425750732,1.00340211391449,1.15535199642181,-17.6566944122314,0.998742818832397,1.16311645507812,0,1,1,-12.5970106124878,1.17156600952148,1.00624549388885,-12.1720848083496,1.18335235118866,1.01293861865997,-12.0181522369385,1.18899381160736,1.01987969875336,-12.0026731491089,1.18965256214142,1.02691757678986,-12.0050296783447,1.18631291389465,1.03392481803894,-12.0144929885864,1.17995524406433,1.04082083702087,-12.0191688537598,1.17158126831055,1.04755091667175,-11.9762325286865,1.16226243972778,1.05414390563965,-11.8937654495239,1.15256822109222,1.06061708927155,-11.8005819320679,1.14200222492218,1.06687355041504,-11.7114496231079,1.13060247898102,1.07284164428711,-11.6345911026001,1.1186089515686,1.0785276889801,-11.5643367767334,1.10630130767822,1.08394336700439,-11.5042095184326,1.09389674663544,1.0891056060791,-11.4520645141602,1.08160674571991,1.09404504299164,-11.4073219299316,1.06959235668182,1.09875762462616,-11.3683567047119,1.05792927742004,1.10330307483673,-11.3342695236206,1.04669618606567,1.1077127456665,-11.567289352417,1.04164230823517,1.10314762592316,-11.9109001159668,1.035524725914,1.10653555393219,-13.5813398361206,1.02358865737915,1.12642419338226,-13.8272733688354,1.0221334695816,1.12677824497223,-16.415412902832,1.0057510137558,1.1512668132782,-16.7244033813477,1.00407600402832,1.15468788146973,0,1,1,-10.52028465271,1.16955506801605,1.00571155548096,-10.4214735031128,1.18586182594299,1.01195251941681,-10.4028568267822,1.1933342218399,1.01845109462738,-10.4311485290527,1.19561755657196,1.02506506443024,-10.4723386764526,1.19393181800842,1.03168487548828,-10.5112962722778,1.1891120672226,1.03822267055511,-10.5139942169189,1.18188548088074,1.04459142684937,-10.475736618042,1.17340958118439,1.05081212520599,-10.3997106552124,1.1640487909317,1.05686461925507,-10.3088350296021,1.15355408191681,1.06266367435455,-10.2120323181152,1.14191114902496,1.06811356544495,-10.1198244094849,1.12961554527283,1.0732513666153,-10.0352582931519,1.11688828468323,1.07807385921478,-9.95555591583252,1.10405087471008,1.08261394500732,-9.88122177124023,1.09124898910522,1.08688426017761,-9.81583023071289,1.07875800132751,1.09090065956116,-9.75462913513184,1.06662929058075,1.09472179412842,-9.70063781738281,1.05497539043427,1.09838843345642,-9.62159156799316,1.04822015762329,1.08226644992828,-9.85953330993652,1.04218351840973,1.08254837989807,-12.5308952331543,1.02849471569061,1.11856162548065,-12.0886754989624,1.03097224235535,1.1118278503418,-13.4550914764404,1.02330541610718,1.12597393989563,-14.7272453308105,1.01601791381836,1.1370621919632,0,1,1,-8.18998336791992,1.09482216835022,1.00205361843109,-8.26562118530273,1.11482357978821,1.00461983680725,-8.34561920166016,1.12697160243988,1.00745415687561,-8.4293270111084,1.13448476791382,1.01043856143951,-8.52833461761475,1.13888370990753,1.01350474357605,-8.60435962677002,1.14001953601837,1.01653861999512,-8.63927364349365,1.13861870765686,1.01944971084595,-8.61947154998779,1.13537573814392,1.02220869064331,-8.55803203582764,1.13062751293182,1.02477383613586,-8.46860504150391,1.12438929080963,1.02707707881927,-8.36098766326904,1.11665618419647,1.02901828289032,-8.24944400787354,1.10782146453857,1.03060078620911,-8.13720607757568,1.09823727607727,1.03182911872864,-8.02731037139893,1.08822786808014,1.03272342681885,-7.92090749740601,1.07805848121643,1.03331029415131,-7.81943130493164,1.0679646730423,1.03358459472656,-7.72278261184692,1.05812919139862,1.03362774848938,-7.63347148895264,1.04867792129517,1.03347849845886,-7.22479581832886,1.05446815490723,1.05314457416534,-7.09222221374512,1.05236661434174,1.05871558189392,-8.37318897247314,1.04902851581573,1.07993078231812,-10.7040386199951,1.03672301769257,1.10177397727966,-12.1774187088013,1.02957606315613,1.11752736568451,-13.8368396759033,1.02084600925446,1.13037765026093,0,1,1,-5.05216884613037,1.07052266597748,1.00057458877563,-5.20097398757935,1.08848667144775,1.00145161151886,-5.41535902023315,1.10017728805542,1.00233066082001,-5.59169387817383,1.10833740234375,1.00319373607635,-5.75587940216064,1.11411428451538,1.00397682189941,-5.86817169189453,1.11758840084076,1.00473892688751,-5.93359470367432,1.11934161186218,1.00551617145538,-5.94979572296143,1.11977601051331,1.00637865066528,-5.91041374206543,1.11870574951172,1.00737714767456,-5.8314061164856,1.11609423160553,1.00844383239746,-5.71920204162598,1.11162090301514,1.00949037075043,-5.5924186706543,1.10557472705841,1.01038587093353,-5.45288801193237,1.09835529327393,1.0111368894577,-5.30939340591431,1.09022653102875,1.01167416572571,-5.16598558425903,1.08151125907898,1.01198410987854,-5.02496910095215,1.07245469093323,1.01203978061676,-4.89021348953247,1.06340217590332,1.01187586784363,-4.76204299926758,1.05453038215637,1.01151967048645,-4.8458104133606,1.06308829784393,1.04277527332306,-4.82655000686646,1.06138503551483,1.05097115039825,-5.78537321090698,1.06081736087799,1.06910884380341,-8.92464351654053,1.04469704627991,1.09308671951294,-10.3789367675781,1.03866910934448,1.10824728012085,-12.3754262924194,1.02917063236237,1.12013208866119,0,1,1,-2.28257775306702,1.11994302272797,1.00227844715118,-2.50239086151123,1.13518953323364,1.00488591194153,-2.73561692237854,1.14461839199066,1.00753879547119,-2.98158693313599,1.15130996704102,1.01011848449707,-3.17454171180725,1.1561518907547,1.01274085044861,-3.31413769721985,1.15903747081757,1.01539087295532,-3.41128706932068,1.16044878959656,1.01807904243469,-3.45675349235535,1.16029477119446,1.02084350585938,-3.44755792617798,1.15837478637695,1.02368986606598,-3.38874316215515,1.15452599525452,1.02655982971191,-3.28888154029846,1.14842665195465,1.02929866313934,-3.15905213356018,1.14048004150391,1.03183007240295,-3.00837826728821,1.13102471828461,1.0340803861618,-2.84519386291504,1.12045109272003,1.03599655628204,-2.67563104629517,1.10913395881653,1.03755164146423,-2.50520610809326,1.09745359420776,1.03870451450348,-2.33984971046448,1.08573281764984,1.0394811630249,-2.18101859092712,1.07423722743988,1.0399352312088,-2.51066493988037,1.07566726207733,1.0491658449173,-2.54103350639343,1.07195281982422,1.05159056186676,-2.71538758277893,1.07685995101929,1.06739008426666,-3.61696648597717,1.07141315937042,1.07617342472076,-5.75533008575439,1.06211042404175,1.09270560741425,-11.7325448989868,1.0323657989502,1.11842370033264,0,1,1,0.0271572396159172,1.1697381734848,1.00406908988953,-0.304871082305908,1.18227827548981,1.00842344760895,-0.594287812709808,1.18938338756561,1.01283991336823,-0.850050508975983,1.19413197040558,1.01729047298431,-1.07158029079437,1.19760775566101,1.02180826663971,-1.24894917011261,1.19968330860138,1.02641475200653,-1.37875163555145,1.20065784454346,1.03116595745087,-1.45560920238495,1.19996082782745,1.0360221862793,-1.47465121746063,1.19735133647919,1.04096794128418,-1.43848323822021,1.19259023666382,1.0459156036377,-1.34610950946808,1.18503439426422,1.05064404010773,-1.2120680809021,1.17523121833801,1.05504465103149,-1.04653906822205,1.16347670555115,1.05897784233093,-0.859013438224792,1.15031599998474,1.06239473819733,-0.658090651035309,1.13619685173035,1.06524085998535,-0.45244300365448,1.12160575389862,1.06743335723877,-0.250887930393219,1.10704410076141,1.06906127929688,-0.0580400936305523,1.0927951335907,1.07015120983124,-0.375538617372513,1.09137117862701,1.07164633274078,-0.39112788438797,1.08632826805115,1.07221162319183,-0.731543898582458,1.08957779407501,1.08311605453491,-1.31292176246643,1.08522653579712,1.08830845355988,-2.787752866745,1.07863712310791,1.09754860401154,-10.9573879241943,1.03647637367249,1.11810147762299,0,1,1,1.74454152584076,1.22111678123474,1.00586819648743,1.36678397655487,1.23046946525574,1.01201617717743,1.06971669197083,1.23453450202942,1.01825678348541,0.801939070224762,1.23694133758545,1.02458202838898,0.577235281467438,1.23830664157867,1.03105747699738,0.385243833065033,1.23906409740448,1.03774964809418,0.232285380363464,1.23904371261597,1.04468011856079,0.130087822675705,1.23767340183258,1.05183565616608,0.0806927084922791,1.23452162742615,1.05914080142975,0.0893313586711884,1.22909891605377,1.06646728515625,0.169746622443199,1.22039186954498,1.07351839542389,0.306787818670273,1.2088657617569,1.08008551597595,0.492085069417953,1.19481861591339,1.08596992492676,0.711339294910431,1.1788911819458,1.0910416841507,0.950566291809082,1.16180765628815,1.09525275230408,1.19655752182007,1.14417552947998,1.09843564033508,1.43840944766998,1.12665450572968,1.10076987743378,1.6693526506424,1.10959613323212,1.10229182243347,1.39789378643036,1.10760390758514,1.10356390476227,1.40426898002625,1.10159492492676,1.1041738986969,1.02943074703217,1.10259664058685,1.1070830821991,0.94764256477356,1.10028398036957,1.10959827899933,0.783616721630096,1.09989488124847,1.11322200298309,-1.82282721996307,1.08660757541656,1.12094461917877,0,1,1,3.00066018104553,1.27301383018494,1.00769805908203,2.60995244979858,1.27886915206909,1.01568901538849,2.31903076171875,1.27978122234344,1.02380323410034,2.07341051101685,1.2788165807724,1.03204190731049,1.846231341362,1.27774751186371,1.04049980640411,1.65745210647583,1.27618706226349,1.0492832660675,1.49696683883667,1.27433609962463,1.05842685699463,1.37018382549286,1.27190315723419,1.06796228885651,1.29130101203918,1.26810169219971,1.07782185077667,1.27123236656189,1.26216697692871,1.0878347158432,1.33111250400543,1.25279402732849,1.09761464595795,1.46702134609222,1.23991882801056,1.10675764083862,1.67283523082733,1.22367608547211,1.11488211154938,1.92950010299683,1.2049103975296,1.12177407741547,2.21464085578918,1.18467676639557,1.12735891342163,2.50621294975281,1.16400825977325,1.13149189949036,2.7901828289032,1.14361560344696,1.1343868970871,3.05810451507568,1.12391579151154,1.13610255718231,2.82819318771362,1.12140834331512,1.13676023483276,2.85390520095825,1.11454522609711,1.13726997375488,2.51085448265076,1.11504781246185,1.13756561279297,2.42438745498657,1.11208069324493,1.13875222206116,2.24855065345764,1.11109340190887,1.14034354686737,0.697650730609894,1.10276329517365,1.14228403568268,0,1,1,3.84112167358398,1.3254930973053,1.00955891609192,3.45828485488892,1.32729279994965,1.0194126367569,3.19012832641602,1.32458806037903,1.02942562103271,2.97631812095642,1.31996405124664,1.03959214687347,2.78764009475708,1.31504034996033,1.0500009059906,2.61731696128845,1.31042373180389,1.06083595752716,2.46714949607849,1.30585551261902,1.07213008403778,2.33986830711365,1.3012228012085,1.08397388458252,2.24503755569458,1.29598295688629,1.09636735916138,2.19859838485718,1.28923237323761,1.10915684700012,2.22645330429077,1.27966630458832,1.12201726436615,2.34785103797913,1.26609289646149,1.13417112827301,2.57369613647461,1.24787223339081,1.1448118686676,2.87491226196289,1.22621083259583,1.15358924865723,3.2075788974762,1.20304977893829,1.16058325767517,3.54252624511719,1.17969763278961,1.16564214229584,3.86320042610168,1.1569117307663,1.16904842853546,4.161048412323,1.13506865501404,1.17082440853119,3.96343016624451,1.13236057758331,1.17054486274719,4.00336980819702,1.12487077713013,1.17085695266724,3.69148278236389,1.12566530704498,1.17038345336914,3.61296772956848,1.12228488922119,1.17058193683624,3.44591474533081,1.12100338935852,1.17066192626953,3.23033404350281,1.11998224258423,1.17169606685638,0,1,1,4.2531270980835,1.37960636615753,1.01144361495972,3.92098784446716,1.376136302948,1.02316844463348,3.70633029937744,1.36899864673615,1.03508293628693,3.54795980453491,1.36037790775299,1.04722225666046,3.41997957229614,1.35063111782074,1.05949902534485,3.30481886863708,1.3415435552597,1.07223832607269,3.19773840904236,1.33295691013336,1.08548486232758,3.09978604316711,1.32480490207672,1.09936738014221,3.01739883422852,1.31689405441284,1.11402440071106,2.97272348403931,1.3079686164856,1.12924087047577,2.98884463310242,1.29707384109497,1.14485275745392,3.09048509597778,1.28289985656738,1.16002798080444,3.32216835021973,1.26342225074768,1.17332017421722,3.65270709991455,1.23981022834778,1.184126496315,4.01281213760376,1.21488881111145,1.19278228282928,4.36953449249268,1.19003927707672,1.19908237457275,4.70811033248901,1.16587269306183,1.20323979854584,5.01964426040649,1.14274322986603,1.20519173145294,4.84012222290039,1.14037811756134,1.2040182352066,4.88653802871704,1.13257837295532,1.20414817333221,4.59585237503052,1.13390922546387,1.20295655727386,4.52628946304321,1.13053238391876,1.20275950431824,4.37168121337891,1.12948310375214,1.20222997665405,4.02119302749634,1.13698577880859,1.22061586380005,0,1,1,4.34595823287964,1.42922067642212,1.01321768760681,4.06001234054565,1.42371463775635,1.02689290046692,3.8932158946991,1.41334414482117,1.04078328609467,3.81095242500305,1.39925062656403,1.05474507808685,3.76702070236206,1.38497793674469,1.06899917125702,3.73846101760864,1.37046313285828,1.08350706100464,3.71354222297668,1.35644721984863,1.09841442108154,3.68238544464111,1.34355318546295,1.11399483680725,3.65244460105896,1.331414103508,1.13038051128387,3.64960527420044,1.31883382797241,1.14740574359894,3.70283675193787,1.30461740493774,1.16479516029358,3.83379149436951,1.28771126270294,1.18173503875732,4.05515909194946,1.26750683784485,1.19730114936829,4.35054540634155,1.2445068359375,1.21076595783234,4.68480348587036,1.22000753879547,1.22184491157532,5.02645635604858,1.19518613815308,1.23002183437347,5.3536901473999,1.17085909843445,1.23548471927643,5.65577697753906,1.1474062204361,1.23798525333405,5.48053550720215,1.14584267139435,1.23637235164642,5.52526712417603,1.13801896572113,1.2364114522934,5.2469539642334,1.14006388187408,1.23466980457306,5.18040466308594,1.13724970817566,1.23421692848206,5.03189706802368,1.13717603683472,1.23330867290497,4.26726579666138,1.14724004268646,1.26902484893799,0,1,1,4.13738918304443,1.47946441173553,1.01501703262329,3.87373948097229,1.47267532348633,1.03068733215332,3.77563285827637,1.45766091346741,1.04651808738708,3.77609062194824,1.43848633766174,1.06238758563995,3.83475589752197,1.41839051246643,1.07843232154846,3.9214973449707,1.3981568813324,1.0946958065033,4.01073408126831,1.37823343276978,1.11116170883179,4.07924795150757,1.35994458198547,1.12823855876923,4.13075828552246,1.34289288520813,1.14601290225983,4.18838882446289,1.32632458209991,1.16453099250793,4.28946733474731,1.30858480930328,1.18325567245483,4.44393444061279,1.28926074504852,1.20165681838989,4.65640592575073,1.26800692081451,1.21895837783813,4.91660022735596,1.24516642093658,1.23456501960754,5.20684432983398,1.22133958339691,1.24796569347382,5.50849437713623,1.19716286659241,1.25824201107025,5.80158376693726,1.17330181598663,1.26530969142914,6.07353401184082,1.15013146400452,1.26861190795898,5.89389324188232,1.14948916435242,1.26709508895874,5.92999029159546,1.14181327819824,1.26708173751831,5.65648174285889,1.14572811126709,1.26495575904846,5.46769332885742,1.14692950248718,1.27073884010315,5.01994276046753,1.15659761428833,1.28636586666107,3.38136696815491,1.20622217655182,1.38929235935211,0,1,1,3.66882991790771,1.52993559837341,1.01681518554688,3.41059970855713,1.51957082748413,1.03433728218079,3.36687040328979,1.50095105171204,1.05212187767029,3.44751858711243,1.47688269615173,1.06985342502594,3.61581754684448,1.4519670009613,1.08788216114044,3.83275961875916,1.42626285552979,1.10601627826691,4.05835008621216,1.4004979133606,1.12413537502289,4.25004863739014,1.37677943706512,1.14277803897858,4.39018058776855,1.35541355609894,1.16223049163818,4.51149702072144,1.33505272865295,1.18230795860291,4.65714263916016,1.31424641609192,1.20258188247681,4.83778953552246,1.29235553741455,1.22230172157288,5.04943990707397,1.26955258846283,1.24102580547333,5.28482151031494,1.24605882167816,1.25819277763367,5.53497838973999,1.22221195697784,1.27327680587769,5.78998565673828,1.19836640357971,1.28515553474426,6.03724002838135,1.17491745948792,1.29347825050354,6.26579427719116,1.15214455127716,1.29728245735168,6.07989835739136,1.15219283103943,1.29598808288574,6.10226917266846,1.14471399784088,1.29574358463287,5.81756210327148,1.15401148796082,1.29318904876709,5.23456811904907,1.15430021286011,1.31185972690582,3.9903450012207,1.16112172603607,1.35358595848083,2.39323830604553,1.16872847080231,1.42143511772156,0,1,1,2.93031024932861,1.585120677948,1.01874911785126,2.66330027580261,1.56640160083771,1.03790676593781,2.67670726776123,1.54350185394287,1.05755996704102,2.84060907363892,1.51612210273743,1.07743000984192,3.10483336448669,1.48680067062378,1.09751307964325,3.44438004493713,1.45625841617584,1.11773014068604,3.80434560775757,1.42558741569519,1.13792729377747,4.11988353729248,1.3970844745636,1.15857315063477,4.344398021698,1.37195551395416,1.18020176887512,4.53723287582397,1.34801411628723,1.20235848426819,4.74399662017822,1.32374167442322,1.22437369823456,4.96444940567017,1.29904615879059,1.24570596218109,5.19073915481567,1.27409791946411,1.26578462123871,5.41720914840698,1.24910485744476,1.28402161598206,5.63845682144165,1.22437858581543,1.29994428157806,5.84911918640137,1.20025777816772,1.3124874830246,6.04682207107544,1.17684888839722,1.32110488414764,6.22457218170166,1.15429437160492,1.32434117794037,6.02853441238403,1.15911316871643,1.3228679895401,6.0324535369873,1.15294110774994,1.32186269760132,5.3799295425415,1.17125868797302,1.33111906051636,4.33357572555542,1.19017088413239,1.36751163005829,2.86425089836121,1.17719304561615,1.40587639808655,1.75408184528351,1.14518082141876,1.43474328517914,0,1,1,1.90560185909271,1.63347494602203,1.0204199552536,1.69201290607452,1.61343383789062,1.04148507118225,1.73023509979248,1.58615517616272,1.06293249130249,1.96029508113861,1.55542981624603,1.08488571643829,2.30519461631775,1.52288913726807,1.10728347301483,2.7346613407135,1.48836815357208,1.12976372241974,3.18558025360107,1.4545783996582,1.15266251564026,3.58672165870667,1.4228857755661,1.17614257335663,3.91986846923828,1.39359200000763,1.20038628578186,4.22271251678467,1.36524724960327,1.22493875026703,4.51744699478149,1.33721113204956,1.24930202960968,4.80075359344482,1.30920970439911,1.27255761623383,5.06284332275391,1.28152930736542,1.29405605792999,5.29634475708008,1.25445961952209,1.31313276290894,5.49962902069092,1.22825706005096,1.32920074462891,5.67194032669067,1.20331215858459,1.34123051166534,5.82072305679321,1.17954766750336,1.34866809844971,5.94367790222168,1.15703070163727,1.34963762760162,5.69146871566772,1.1764988899231,1.34701216220856,5.6629843711853,1.17392206192017,1.34414875507355,4.14400291442871,1.17529165744781,1.3779810667038,3.05113077163696,1.17287147045135,1.4084187746048,1.76085257530212,1.15805685520172,1.44332098960876,1.5904768705368,1.14370095729828,1.44636476039886,0,1,1,0.671562910079956,1.68135225772858,1.02202975749969,0.470802217721939,1.65952157974243,1.04492962360382,0.557834327220917,1.62965202331543,1.06838726997375,0.829289853572845,1.59540998935699,1.09235394001007,1.23065257072449,1.55982565879822,1.11707139015198,1.72219157218933,1.52227783203125,1.14207899570465,2.2355489730835,1.4856390953064,1.16778409481049,2.72237849235535,1.45059263706207,1.19424676895142,3.17225432395935,1.41718113422394,1.22148275375366,3.59495687484741,1.38472902774811,1.24912405014038,3.99054050445557,1.35398244857788,1.27643549442291,4.3488450050354,1.32925689220428,1.30222153663635,4.65508937835693,1.30518841743469,1.32548451423645,4.90101289749146,1.28070330619812,1.34520220756531,5.08916807174683,1.2563214302063,1.36091804504395,5.22470569610596,1.23259651660919,1.37126576900482,5.32383060455322,1.20978772640228,1.37578928470612,5.3873348236084,1.18799030780792,1.37179219722748,4.91023731231689,1.1993145942688,1.37483417987823,4.66083478927612,1.19708788394928,1.37707054615021,2.8664391040802,1.2052538394928,1.41504776477814,1.86211085319519,1.14369463920593,1.43101644515991,0.849984705448151,1.11487340927124,1.451819896698,0.546574890613556,1.09432125091553,1.45583164691925,0,1,1,-0.671512365341187,1.73289704322815,1.02385246753693,-0.912153542041779,1.70733797550201,1.04854464530945,-0.827778816223145,1.67323637008667,1.07379269599915,-0.531768441200256,1.6359828710556,1.09985065460205,-0.0959985852241516,1.59699237346649,1.12670505046844,0.44177633523941,1.56801009178162,1.15423822402954,1.01067197322845,1.54274320602417,1.18281257152557,1.56789708137512,1.51768803596497,1.21225202083588,2.0960214138031,1.492720246315,1.24252951145172,2.58805084228516,1.4675235748291,1.27332246303558,3.03272175788879,1.4417804479599,1.30386638641357,3.42216062545776,1.4150515794754,1.33238887786865,3.74421048164368,1.38751542568207,1.3575541973114,3.98477506637573,1.35949885845184,1.37799513339996,4.15139055252075,1.33161902427673,1.39277243614197,4.25531816482544,1.30479538440704,1.40050530433655,4.31176614761353,1.27928245067596,1.40025532245636,4.31851053237915,1.25524914264679,1.3873233795166,3.59273648262024,1.21366703510284,1.40330576896667,3.09435963630676,1.19344782829285,1.4147983789444,1.8541065454483,1.17314946651459,1.44212460517883,1.58631765842438,1.14911329746246,1.44760620594025,0.688128054141998,1.11020636558533,1.45035517215729,-0.0616856627166271,1.07849037647247,1.45411002635956,0,1,1,-2.07120227813721,1.73065662384033,1.02418982982635,-2.39080333709717,1.68974828720093,1.0485827922821,-2.34150290489197,1.65795147418976,1.07390463352203,-2.098952293396,1.62925493717194,1.10008800029755,-1.73342621326447,1.60144305229187,1.12697410583496,-1.256591796875,1.57476699352264,1.15469706058502,-0.710654258728027,1.54933130741119,1.1834282875061,-0.139288991689682,1.52455997467041,1.21314752101898,0.419120579957962,1.49993169307709,1.24379730224609,0.942572414875031,1.47500157356262,1.2749787569046,1.414191365242,1.44957375526428,1.30625581741333,1.83507442474365,1.42360866069794,1.33673882484436,2.1959183216095,1.39655244350433,1.36467373371124,2.4824812412262,1.36656618118286,1.38849270343781,2.69410228729248,1.33528113365173,1.40724754333496,2.83895611763,1.30485451221466,1.42005121707916,2.9362530708313,1.27576017379761,1.42693734169006,2.98817276954651,1.24826276302338,1.42680263519287,2.99136877059937,1.22246515750885,1.41620588302612,1.61896097660065,1.17053580284119,1.43276870250702,0.744629442691803,1.13110113143921,1.44918930530548,0.453848153352737,1.10523152351379,1.45477473735809,0.167293176054955,1.07974004745483,1.45879089832306,0.0401789397001266,1.061039686203,1.46166622638702,0,1,1,-3.61675810813904,1.73703420162201,1.02414619922638,-3.9127459526062,1.6976512670517,1.04866421222687,-3.89505934715271,1.66684412956238,1.07419312000275,-3.71773529052734,1.63642752170563,1.10022974014282,-3.42924356460571,1.60724949836731,1.12693727016449,-3.01677703857422,1.58029389381409,1.15474271774292,-2.50701260566711,1.5543407201767,1.18332481384277,-1.93193101882935,1.52951729297638,1.21294665336609,-1.35404562950134,1.50481045246124,1.24327623844147,-0.810329854488373,1.4799177646637,1.27417755126953,-0.322600334882736,1.45443940162659,1.3049840927124,0.109628841280937,1.42813789844513,1.33500075340271,0.462409168481827,1.39570605754852,1.36155581474304,0.740302681922913,1.35800909996033,1.38398337364197,0.972533762454987,1.32114791870117,1.4038667678833,1.15967261791229,1.28612649440765,1.42056393623352,1.31141626834869,1.25290131568909,1.43408393859863,1.43087446689606,1.22153866291046,1.44420254230499,1.51896154880524,1.19200968742371,1.45021021366119,1.57467186450958,1.16426753997803,1.45108211040497,1.16715812683105,1.13191342353821,1.44664442539215,-0.582966923713684,1.08278107643127,1.44940328598022,-0.863429069519043,1.06056213378906,1.45162570476532,-1.05975770950317,1.04242348670959,1.45285069942474,0,1,1,-5.2187328338623,1.74100124835968,1.02404367923737,-5.48905515670776,1.70554304122925,1.04872071743011,-5.51225757598877,1.673255443573,1.07412910461426,-5.38521766662598,1.64272773265839,1.10023581981659,-5.15715265274048,1.61273455619812,1.12683510780334,-4.81278896331787,1.58457446098328,1.15430128574371,-4.34286880493164,1.55806124210358,1.18258225917816,-3.76686716079712,1.5330491065979,1.2118273973465,-3.17136335372925,1.50842833518982,1.2417778968811,-2.61217451095581,1.48338067531586,1.27193665504456,-2.11867761611938,1.45653808116913,1.30145311355591,-1.72590935230255,1.41929912567139,1.32704210281372,-1.41918075084686,1.37461042404175,1.34860181808472,-1.15427732467651,1.33149743080139,1.36829733848572,-0.922723650932312,1.29077327251434,1.38636100292206,-0.72335559129715,1.25288915634155,1.40254151821136,-0.548393428325653,1.21741211414337,1.41711890697479,-0.396190255880356,1.18416106700897,1.42985308170319,-0.264267861843109,1.15302085876465,1.44082498550415,-0.151399835944176,1.12383937835693,1.44986188411713,-0.0591124780476093,1.09672999382019,1.45654761791229,0.0139825167134404,1.07126033306122,1.46052253246307,-1.10704040527344,1.05247855186462,1.45148611068726,-1.94472849369049,1.03893148899078,1.44471859931946,0,1,1,-6.84889316558838,1.74518132209778,1.02395641803741,-7.10470342636108,1.71452760696411,1.04892659187317,-7.16655111312866,1.68106985092163,1.07428967952728,-7.08812141418457,1.64904022216797,1.10027086734772,-6.9058985710144,1.61815547943115,1.12672710418701,-6.61581373214722,1.58872067928314,1.15377652645111,-6.18226766586304,1.56126511096954,1.18153274059296,-5.59780836105347,1.53633940219879,1.21046733856201,-4.98937463760376,1.51163423061371,1.23984742164612,-4.41949510574341,1.48658323287964,1.26939952373505,-3.93723654747009,1.45564270019531,1.29679036140442,-3.58582472801208,1.40785086154938,1.31835162639618,-3.28520727157593,1.36064088344574,1.33782434463501,-3.02071309089661,1.31601297855377,1.35572695732117,-2.78566479682922,1.27424728870392,1.37215304374695,-2.57822513580322,1.23570811748505,1.38709950447083,-2.3919723033905,1.19974708557129,1.40062475204468,-2.22512173652649,1.16616177558899,1.41268289089203,-2.07500529289246,1.13478434085846,1.42331779003143,-1.94091546535492,1.10541963577271,1.43239152431488,-1.82293856143951,1.07818222045898,1.43979799747467,-1.71908974647522,1.05260121822357,1.44523847103119,-1.62885057926178,1.02857613563538,1.44870591163635,-2.57084393501282,1.03259432315826,1.44023215770721,0,1,1,-8.46339702606201,1.75463056564331,1.0240375995636,-8.79149913787842,1.72143959999084,1.04895436763763,-8.86942100524902,1.68848717212677,1.07447779178619,-8.82074642181396,1.65574836730957,1.10040950775146,-8.66677093505859,1.62390744686127,1.12671899795532,-8.39315605163574,1.59371769428253,1.15350711345673,-7.96661424636841,1.56589365005493,1.18100094795227,-7.38715791702271,1.54062724113464,1.20955979824066,-6.77987051010132,1.51589953899384,1.23867380619049,-6.21342658996582,1.4903404712677,1.26736295223236,-5.73696422576904,1.45728015899658,1.29344749450684,-5.38503217697144,1.40862441062927,1.31389319896698,-5.07958173751831,1.36111807823181,1.33238649368286,-4.80862808227539,1.31632483005524,1.34925293922424,-4.56569242477417,1.27446389198303,1.36457204818726,-4.34796714782715,1.23593938350677,1.37849259376526,-4.15031671524048,1.20001804828644,1.39093434810638,-3.97008490562439,1.16651892662048,1.40195453166962,-3.80523085594177,1.13526177406311,1.41160774230957,-3.65455317497253,1.10603368282318,1.41969871520996,-3.51888918876648,1.07891654968262,1.42589056491852,-3.39545059204102,1.0534793138504,1.43019688129425,-3.28297233581543,1.02962255477905,1.43261158466339,-3.57256364822388,1.0326075553894,1.43247509002686,0,1,1,-10.0875358581543,1.76776778697968,1.02425849437714,-10.5124044418335,1.73042142391205,1.04919600486755,-10.6107444763184,1.6966016292572,1.07476377487183,-10.5830898284912,1.66276109218597,1.10064828395844,-10.4351892471313,1.63041663169861,1.12693011760712,-10.1484127044678,1.59996676445007,1.153648853302,-9.70512771606445,1.57219684123993,1.18115484714508,-9.14033699035645,1.54660999774933,1.20958638191223,-8.55191135406494,1.52128791809082,1.23830354213715,-7.99308061599731,1.49535095691681,1.26656496524811,-7.52678394317627,1.45984399318695,1.29144823551178,-7.17476224899292,1.41037178039551,1.31103038787842,-6.86627960205078,1.36240780353546,1.32858145236969,-6.58930253982544,1.31733536720276,1.34449660778046,-6.33699083328247,1.27539026737213,1.35907793045044,-6.10956048965454,1.23675084114075,1.37197661399841,-5.89996242523193,1.20081281661987,1.38353431224823,-5.70641231536865,1.16734087467194,1.39370119571686,-5.52717018127441,1.13612198829651,1.40243935585022,-5.36119747161865,1.10695374011993,1.40963006019592,-5.20700454711914,1.07995927333832,1.41519725322723,-5.06420230865479,1.05464589595795,1.41893577575684,-4.93104791641235,1.03090834617615,1.42075824737549,-4.93406772613525,1.03110814094543,1.42371475696564,0,1,1,-11.7501544952393,1.78110563755035,1.02449679374695,-12.2714529037476,1.73939216136932,1.04941809177399,-12.4099807739258,1.70375490188599,1.0749683380127,-12.3768405914307,1.6702253818512,1.10102140903473,-12.2146978378296,1.63795399665833,1.12744450569153,-11.9025239944458,1.60770511627197,1.15435385704041,-11.4428262710571,1.58011877536774,1.18209874629974,-10.8909902572632,1.55407869815826,1.21054005622864,-10.3196773529053,1.52815520763397,1.23910272121429,-9.77050113677979,1.50164461135864,1.26705133914948,-9.31731700897217,1.46337342262268,1.29078733921051,-8.96513271331787,1.41301083564758,1.30960524082184,-8.6527042388916,1.36453449726105,1.32638704776764,-8.36909866333008,1.31912446022034,1.34154891967773,-8.10746955871582,1.27694880962372,1.35534512996674,-7.86974811553955,1.23816561698914,1.36748206615448,-7.64804315567017,1.20215117931366,1.37831926345825,-7.44145917892456,1.16864144802094,1.38778555393219,-7.24810028076172,1.13742458820343,1.39589238166809,-7.0664234161377,1.10829341411591,1.40254986286163,-6.89630794525146,1.08134460449219,1.40762114524841,-6.73558139801025,1.05611371994019,1.4111180305481,-6.58351230621338,1.03246605396271,1.41289126873016,-6.59263896942139,1.03262066841125,1.41499018669128,0,1,1,-13.5559186935425,1.79138958454132,1.02466154098511,-14.0827140808105,1.74876868724823,1.04973709583282,-14.2284660339355,1.71269905567169,1.07543015480042,-14.2002611160278,1.67829477787018,1.10154068470001,-14.0183782577515,1.64616513252258,1.12817454338074,-13.6757020950317,1.61635446548462,1.15542089939117,-13.2048101425171,1.58891582489014,1.18351411819458,-12.6618461608887,1.56255781650543,1.21217334270477,-12.1023788452148,1.53610455989838,1.24079239368439,-11.5636501312256,1.50875568389893,1.26838862895966,-11.1188821792603,1.46767556667328,1.29118716716766,-10.7654581069946,1.41633796691895,1.30926513671875,-10.4470167160034,1.36728918552399,1.3253710269928,-10.1550140380859,1.3214864730835,1.33986413478851,-9.88484287261963,1.27898645401001,1.35290479660034,-9.63549995422363,1.2400267124176,1.36441016197205,-9.40189552307129,1.20388579368591,1.37462985515594,-9.18222808837891,1.17030906677246,1.38356781005859,-8.97495079040527,1.13906395435333,1.39121747016907,-8.77843570709229,1.10994064807892,1.39754593372345,-8.59318923950195,1.08300769329071,1.40233492851257,-8.41654205322266,1.05781054496765,1.4056978225708,-8.24849319458008,1.03420758247375,1.40755546092987,-7.96898365020752,1.0348334312439,1.40955710411072,0,1,1,-15.4693002700806,1.79978156089783,1.02480375766754,-15.9331941604614,1.75903928279877,1.05012810230255,-16.0892391204834,1.72195315361023,1.07597875595093,-16.0484752655029,1.68744397163391,1.10230684280396,-15.8478622436523,1.65527713298798,1.12918615341187,-15.4820022583008,1.62574708461761,1.15681672096252,-14.9990158081055,1.59847390651703,1.18535399436951,-14.4622926712036,1.57177448272705,1.2143189907074,-13.9129076004028,1.54469347000122,1.24303686618805,-13.3756589889526,1.51659154891968,1.27045631408691,-12.9381055831909,1.472416639328,1.29219150543213,-12.5808687210083,1.42006528377533,1.30953884124756,-12.2549715042114,1.37037765979767,1.3249591588974,-11.9529705047607,1.32414829730988,1.33882224559784,-11.6720809936523,1.28133928775787,1.35125553607941,-11.4114809036255,1.24217092990875,1.36220633983612,-11.1659488677979,1.20588386058807,1.37191569805145,-10.9335899353027,1.1722137928009,1.38041388988495,-10.7125682830811,1.14092111587524,1.38771533966064,-10.502477645874,1.11177277565002,1.39377772808075,-10.3027667999268,1.08484649658203,1.39845967292786,-10.1123170852661,1.05965828895569,1.40182185173035,-9.92951202392578,1.03607726097107,1.40384924411774,-9.45260047912598,1.03747868537903,1.40550065040588,0,1,1,-17.4088745117188,1.80829608440399,1.0249490737915,-17.8091220855713,1.76978230476379,1.05058538913727,-17.9857044219971,1.7320511341095,1.07665145397186,-17.9331722259521,1.69725453853607,1.10324561595917,-17.7074642181396,1.66515851020813,1.13044154644012,-17.3169784545898,1.63602888584137,1.15856766700745,-16.8283424377441,1.6085764169693,1.18750560283661,-16.2952728271484,1.58156144618988,1.21686184406281,-15.7529859542847,1.55372726917267,1.2456601858139,-15.2149295806885,1.52459585666656,1.27270710468292,-14.7776117324829,1.47724735736847,1.29333472251892,-14.4123954772949,1.42392766475677,1.30999255180359,-14.0763759613037,1.3736207485199,1.32478141784668,-13.7649002075195,1.32693099975586,1.33801937103271,-13.4725589752197,1.2838249206543,1.34993171691895,-13.1996068954468,1.24445915222168,1.36041975021362,-12.9421234130859,1.2080352306366,1.36974346637726,-12.6971817016602,1.17427492141724,1.37791800498962,-12.4638252258301,1.14291954040527,1.38496172428131,-12.2408227920532,1.11373949050903,1.39086639881134,-12.0287857055664,1.08679151535034,1.39547407627106,-11.8259983062744,1.0615953207016,1.3988960981369,-11.5086259841919,1.0523556470871,1.40062880516052,-11.0496835708618,1.04544270038605,1.40213775634766,0,1,1,-19.3627185821533,1.81743276119232,1.02511274814606,-19.7626438140869,1.77988386154175,1.05102646350861,-19.9191131591797,1.74268019199371,1.07743811607361,-19.848690032959,1.7077864408493,1.10434353351593,-19.5979423522949,1.67573273181915,1.13191246986389,-19.186674118042,1.64666247367859,1.16047811508179,-18.6927471160889,1.61907136440277,1.18987238407135,-18.1626052856445,1.59152853488922,1.21954119205475,-17.6221790313721,1.56289565563202,1.24839115142822,-17.0720958709717,1.53265106678009,1.27493345737457,-16.636417388916,1.48192155361176,1.29428839683533,-16.2595252990723,1.42772662639618,1.31031608581543,-15.9136161804199,1.376833319664,1.32453143596649,-15.5900201797485,1.32976746559143,1.3372927904129,-15.2866811752319,1.28638458251953,1.34877240657806,-15.003077507019,1.24683082103729,1.35890412330627,-14.7327995300293,1.21028244495392,1.36791920661926,-14.4759998321533,1.17643046379089,1.37584984302521,-14.2307586669922,1.14501130580902,1.3827131986618,-13.9973134994507,1.11577880382538,1.38850772380829,-13.7734966278076,1.08880639076233,1.39311695098877,-13.5591602325439,1.06359434127808,1.39664685726166,-13.3180799484253,1.05574369430542,1.39805817604065,-12.9457445144653,1.04984271526337,1.39926195144653,0,1,1,-21.2007904052734,1.83042812347412,1.0253678560257,-21.7267837524414,1.79124677181244,1.05155873298645,-21.8790626525879,1.7535628080368,1.078253865242,-21.7981624603271,1.71849012374878,1.10549426078796,-21.5213642120361,1.68672239780426,1.13351666927338,-21.0912342071533,1.6576212644577,1.16252613067627,-20.5946750640869,1.62954294681549,1.19225645065308,-20.0611839294434,1.60143184661865,1.22217726707458,-19.5157794952393,1.57184863090515,1.25090706348419,-18.9506683349609,1.54020059108734,1.27660667896271,-18.5085716247559,1.48638522624969,1.29493522644043,-18.1231250762939,1.4313782453537,1.31040990352631,-17.765697479248,1.37999975681305,1.324178814888,-17.4304141998291,1.33260333538055,1.33655822277069,-17.1163673400879,1.28898572921753,1.3477201461792,-16.8203830718994,1.24926459789276,1.35754954814911,-16.5393486022949,1.21259331703186,1.3663387298584,-16.2720222473145,1.17864727973938,1.37409019470215,-16.0162868499756,1.14715909957886,1.38083255290985,-15.7707061767578,1.11788976192474,1.38658785820007,-15.5378761291504,1.09087181091309,1.39122569561005,-15.31409740448,1.06562840938568,1.39488554000854,-15.2728042602539,1.05957210063934,1.39589655399323,-15.2454776763916,1.05553328990936,1.39657640457153,0,1,1,-23.0709686279297,1.84344565868378,1.02562606334686,-23.7234764099121,1.80286610126495,1.05211985111237,-23.8960399627686,1.76452875137329,1.07912409305573,-23.7839088439941,1.72976911067963,1.10678827762604,-23.4778919219971,1.69806444644928,1.13523387908936,-23.0339546203613,1.66878461837769,1.16468012332916,-22.523099899292,1.64017689228058,1.19469749927521,-21.9868698120117,1.61110663414001,1.22463893890381,-21.4260482788086,1.58015537261963,1.25281381607056,-20.8440837860107,1.54703056812286,1.277747631073,-20.3998966217041,1.49056363105774,1.29526317119598,-20.001895904541,1.43493032455444,1.31034135818481,-19.6327018737793,1.3831375837326,1.32376050949097,-19.2868919372559,1.33544790744781,1.33584558963776,-18.9607772827148,1.2916111946106,1.34671604633331,-18.6549682617188,1.25174009799957,1.35635042190552,-18.3638305664062,1.21494519710541,1.36495351791382,-18.0859756469727,1.18090999126434,1.37257122993469,-17.8207817077637,1.14935159683228,1.37924587726593,-17.5663471221924,1.12002241611481,1.38498282432556,-17.3234825134277,1.09296882152557,1.38969302177429,-17.0906600952148,1.06769216060638,1.39350807666779,-17.0477352142334,1.06162202358246,1.39452707767487,-17.019416809082,1.05757391452789,1.3952112197876,0,1,1,-25.0380039215088,1.85638654232025,1.02590644359589,-25.7677059173584,1.81465280056,1.05271518230438,-25.9190940856934,1.77651691436768,1.08011949062347,-25.7963466644287,1.74158990383148,1.1081862449646,-25.4665107727051,1.70975649356842,1.13705837726593,-25.007230758667,1.67986488342285,1.16680157184601,-24.4850597381592,1.65052759647369,1.1970055103302,-23.9339275360107,1.62025713920593,1.22671949863434,-23.3505306243896,1.58794820308685,1.25423967838287,-22.7553272247314,1.55255007743835,1.2784252166748,-22.3028087615967,1.49466288089752,1.29545271396637,-21.8945789337158,1.43844997882843,1.31019842624664,-21.5154075622559,1.38627457618713,1.32333636283875,-21.1597232818604,1.33830833435059,1.33517229557037,-20.8232650756836,1.2942670583725,1.34582257270813,-20.5075054168701,1.25424516201019,1.35527634620667,-20.2068405151367,1.21733129024506,1.36373913288116,-19.9191093444824,1.18320953845978,1.37126743793488,-19.6446666717529,1.15157985687256,1.3779000043869,-19.3813457489014,1.122194647789,1.38365662097931,-19.1307258605957,1.09509110450745,1.3884584903717,-18.8909702301025,1.06976962089539,1.392449259758,-18.831750869751,1.06331717967987,1.38506233692169,-18.7917194366455,1.05911827087402,1.37999081611633,0,1,1,-27.185375213623,1.86934316158295,1.02624356746674,-27.8628635406494,1.82703590393066,1.05338644981384,-27.9874668121338,1.78888511657715,1.08118367195129,-27.8335857391357,1.75379121303558,1.10965597629547,-27.4851818084717,1.72154593467712,1.13891136646271,-27.0065155029297,1.69105637073517,1.16894769668579,-26.4704685211182,1.66067218780518,1.19918179512024,-25.8989734649658,1.62900257110596,1.22849416732788,-25.2919387817383,1.59551751613617,1.25545692443848,-24.6854991912842,1.55771148204803,1.27893817424774,-24.2255363464355,1.4986560344696,1.29555797576904,-23.8073234558105,1.44191431999207,1.31002199649811,-23.4171409606934,1.38939654827118,1.32292461395264,-23.0503978729248,1.34117019176483,1.33452975749969,-22.7042503356934,1.29694163799286,1.34501433372498,-22.3793640136719,1.25676870346069,1.35432004928589,-22.0684242248535,1.21974742412567,1.36267471313477,-21.7722911834717,1.18553340435028,1.37014615535736,-21.4885501861572,1.15383362770081,1.37675523757935,-21.2183647155762,1.12438309192657,1.38256192207336,-20.9603672027588,1.09722805023193,1.3874716758728,-20.7140026092529,1.07185995578766,1.39164423942566,-20.5839138031006,1.06463801860809,1.3679131269455,-20.4944763183594,1.0601509809494,1.35168516635895,0,1,1,-29.1444835662842,1.766197681427,1.0220685005188,-29.7718143463135,1.73287332057953,1.04493355751038,-29.9619693756104,1.70251452922821,1.06842815876007,-29.8355007171631,1.67478263378143,1.09249925613403,-29.512638092041,1.64936447143555,1.11726295948029,-29.0530261993408,1.62523150444031,1.14269125461578,-28.5288600921631,1.60093140602112,1.16827440261841,-27.9609279632568,1.57523190975189,1.19305837154388,-27.3533725738525,1.54764544963837,1.21587359905243,-26.7187118530273,1.51893651485443,1.23613488674164,-26.2201843261719,1.4683610200882,1.25042140483856,-25.7750625610352,1.41635429859161,1.26227045059204,-25.3601264953613,1.36771976947784,1.27261936664581,-24.9693202972412,1.32283782958984,1.28173935413361,-24.5969562530518,1.28156387805939,1.28978073596954,-24.2477512359619,1.24399602413177,1.2967277765274,-23.9117794036865,1.2093391418457,1.30276846885681,-23.5918998718262,1.17728424072266,1.30798733234406,-23.2843704223633,1.14757406711578,1.31239426136017,-22.9908275604248,1.11996781826019,1.31605398654938,-22.7101821899414,1.09451341629028,1.31887900829315,-22.4417915344238,1.0707403421402,1.32102179527283,-22.2057418823242,1.06458652019501,1.31426858901978,-22.046329498291,1.06064975261688,1.3097071647644,0,1,1,-30.8706188201904,1.66209423542023,1.01790142059326,-31.426794052124,1.63678812980652,1.03646576404572,-31.6507301330566,1.61385262012482,1.05563008785248,-31.5630931854248,1.59348297119141,1.07538449764252,-31.2684841156006,1.57466495037079,1.09569549560547,-30.8306903839111,1.55671453475952,1.1165668964386,-30.3173904418945,1.53820133209229,1.1374648809433,-29.749303817749,1.51836824417114,1.15770256519318,-29.138988494873,1.49665927886963,1.17630553245544,-28.4934177398682,1.47358977794647,1.19265472888947,-27.9411582946777,1.43406438827515,1.20478415489197,-27.4674129486084,1.38736569881439,1.21429622173309,-27.0228099822998,1.34312403202057,1.22242915630341,-26.6031188964844,1.30203640460968,1.22943389415741,-26.2020301818848,1.26411128044128,1.23544347286224,-25.8230247497559,1.22950839996338,1.24044609069824,-25.4594974517822,1.19752991199493,1.2446174621582,-25.1107921600342,1.16793394088745,1.24802958965302,-24.7759017944336,1.1404812335968,1.25070154666901,-24.4553470611572,1.1149674654007,1.25268924236298,-24.1492042541504,1.09144103527069,1.2539222240448,-23.8555030822754,1.06947600841522,1.25453197956085,-23.5513343811035,1.06409060955048,1.25391364097595,-23.3471298217773,1.06059265136719,1.25349283218384,0,1,1,-32.0841178894043,1.55680894851685,1.01367092132568,-32.7603492736816,1.5392906665802,1.0280385017395,-33.0135078430176,1.52393639087677,1.04294979572296,-32.9650459289551,1.50994884967804,1.05834376811981,-32.6947555541992,1.49732875823975,1.07421147823334,-32.2758598327637,1.48507344722748,1.09047663211823,-31.7716121673584,1.47239685058594,1.10679566860199,-31.206335067749,1.45825910568237,1.12249207496643,-30.5887660980225,1.4423223733902,1.13680756092072,-29.93284034729,1.42485594749451,1.14915251731873,-29.3248519897461,1.39606201648712,1.15850710868835,-28.8175601959229,1.35516226291656,1.16549980640411,-28.3402328491211,1.31566429138184,1.17124545574188,-27.8875045776367,1.27870535850525,1.17597222328186,-27.4543800354004,1.24443781375885,1.17978549003601,-27.0407161712646,1.21310806274414,1.18267452716827,-26.6440982818604,1.18411445617676,1.18481254577637,-26.2630290985107,1.15726172924042,1.18625199794769,-25.8958282470703,1.13235819339752,1.18702030181885,-25.5439567565918,1.10921895503998,1.18717074394226,-25.2078609466553,1.08790051937103,1.18664538860321,-24.885274887085,1.06801807880402,1.18556380271912,-24.5182666778564,1.06311070919037,1.1837569475174,-24.2719173431396,1.05995404720306,1.18249809741974,0,1,1,-32.7869262695312,1.45092117786407,1.00943875312805,-33.6784172058105,1.44098031520844,1.01965153217316,-33.9947814941406,1.43190944194794,1.03032052516937,-33.9609146118164,1.42412781715393,1.04137241840363,-33.7177810668945,1.41726386547089,1.05282485485077,-33.3125267028809,1.41060984134674,1.06457328796387,-32.816478729248,1.40332388877869,1.07628309726715,-32.2487258911133,1.39465892314911,1.08742272853851,-31.6248111724854,1.38432264328003,1.09740436077118,-30.952709197998,1.37241101264954,1.1056535243988,-30.2930488586426,1.35376524925232,1.1117023229599,-29.7455997467041,1.31926536560059,1.1159645318985,-29.2305927276611,1.28489506244659,1.11914587020874,-28.7381763458252,1.25241899490356,1.12140488624573,-28.267017364502,1.22217214107513,1.12286603450775,-27.8148708343506,1.19443321228027,1.12345743179321,-27.3805541992188,1.16876494884491,1.12340188026428,-26.9614391326904,1.14499521255493,1.12270128726959,-26.5574340820312,1.12297451496124,1.12140715122223,-26.1679172515869,1.10255372524261,1.11954832077026,-25.7962951660156,1.08378231525421,1.11709570884705,-25.4408664703369,1.06631886959076,1.11417150497437,-24.9892253875732,1.06197047233582,1.11193132400513,-24.6862258911133,1.05921590328217,1.11038434505463,0,1,1,-32.9142875671387,1.34130656719208,1.00511479377747,-34.0687141418457,1.34057319164276,1.01123607158661,-34.4266700744629,1.33816635608673,1.01771056652069,-34.4427871704102,1.3358029127121,1.02444469928741,-34.2370910644531,1.33423984050751,1.03151428699493,-33.8474807739258,1.33277475833893,1.03876495361328,-33.3545799255371,1.33050036430359,1.04586338996887,-32.7828216552734,1.32716464996338,1.05249512195587,-32.143627166748,1.32227683067322,1.05810403823853,-31.4543361663818,1.31591057777405,1.06226205825806,-30.7454643249512,1.30552279949188,1.06451678276062,-30.1427936553955,1.27912509441376,1.06578385829926,-29.5841064453125,1.25026607513428,1.06620049476624,-29.048641204834,1.22264420986176,1.06583476066589,-28.5305023193359,1.19677352905273,1.06472110748291,-28.0327529907227,1.17303836345673,1.0628809928894,-27.5511474609375,1.15107381343842,1.06042003631592,-27.0861473083496,1.13078987598419,1.05740988254547,-26.6383247375488,1.11205351352692,1.05388164520264,-26.2055473327637,1.09475338459015,1.0498548746109,-25.7920322418213,1.07894361019135,1.04531240463257,-25.3970184326172,1.06432449817657,1.04037594795227,-24.88205909729,1.0609610080719,1.04671049118042,-24.5412406921387,1.05870127677917,1.05148267745972,0,1,1,-32.5301971435547,1.23496115207672,1.0009560585022,-33.8076095581055,1.23939108848572,1.00288641452789,-34.2506446838379,1.24206209182739,1.00512456893921,-34.300163269043,1.24477624893188,1.00758183002472,-34.1145668029785,1.2480548620224,1.01026809215546,-33.7401351928711,1.25132036209106,1.01304399967194,-33.2461624145508,1.2539644241333,1.01563763618469,-32.6612892150879,1.25547325611115,1.01770746707916,-32.0013160705566,1.25573217868805,1.01889967918396,-31.2877044677734,1.25468623638153,1.01885902881622,-30.5355052947998,1.25071549415588,1.01720666885376,-29.8614063262939,1.23403024673462,1.01503598690033,-29.2507343292236,1.21111238002777,1.01249694824219,-28.6579933166504,1.1887218952179,1.00926446914673,-28.0879611968994,1.16765546798706,1.00545108318329,-27.5328598022461,1.14831936359406,1.00094425678253,-26.9967956542969,1.13051390647888,0.995936214923859,-26.4769992828369,1.11417269706726,0.990440666675568,-25.9749279022217,1.09920513629913,0.984498023986816,-25.4904880523682,1.08552229404449,0.978139400482178,-25.0274257659912,1.07319343090057,0.971350014209747,-24.5833530426025,1.06195664405823,0.964221179485321,-24.1655445098877,1.06013643741608,0.989399790763855,-23.9000606536865,1.05846154689789,1.00751757621765,0,1,1,-31.553316116333,1.12982821464539,0.996913015842438,-32.6982002258301,1.13676047325134,0.994532525539398,-33.1865768432617,1.14332616329193,0.992489397525787,-33.3151245117188,1.15089952945709,0.990741550922394,-33.1448516845703,1.15843856334686,0.989048957824707,-32.7841033935547,1.16603064537048,0.987386286258698,-32.2813682556152,1.17299020290375,0.985448360443115,-31.6854782104492,1.17915952205658,0.983050107955933,-31.0004272460938,1.18426811695099,0.979839503765106,-30.2458972930908,1.18833518028259,0.97554475069046,-29.4470310211182,1.19049525260925,0.969847023487091,-28.691987991333,1.18316650390625,0.96383810043335,-28.0122261047363,1.16746151447296,0.959365904331207,-27.3626861572266,1.15386474132538,0.958671569824219,-26.7434024810791,1.14105772972107,0.959298670291901,-26.1528854370117,1.12846910953522,0.959854125976562,-25.5920944213867,1.11625516414642,0.960318088531494,-25.0562019348145,1.1044842004776,0.960670292377472,-24.5462436676025,1.09317600727081,0.960884273052216,-24.0622406005859,1.08232891559601,0.960930466651917,-23.6096458435059,1.07199943065643,0.96075302362442,-23.1831645965576,1.06211268901825,0.960358619689941,-23.1747245788574,1.06031608581543,0.972586095333099,-23.4751415252686,1.05833697319031,0.980910181999207,0,1,1,-29.6294078826904,1.06417858600616,0.994513332843781,-30.5524978637695,1.05564367771149,0.988215386867523,-31.0880241394043,1.05721032619476,0.98192173242569,-31.2271308898926,1.06537735462189,0.976139903068542,-31.0796070098877,1.07827353477478,0.971235573291779,-30.7348232269287,1.09336054325104,0.967362105846405,-30.2512664794922,1.10941684246063,0.964487552642822,-29.6629390716553,1.12547838687897,0.962540745735168,-29.0027675628662,1.1405873298645,0.961312890052795,-28.2886924743652,1.1544109582901,0.960661053657532,-27.5368423461914,1.16619324684143,0.960401654243469,-26.8158111572266,1.16988754272461,0.960530996322632,-26.1853828430176,1.16050922870636,0.961238920688629,-25.587646484375,1.14903652667999,0.962009906768799,-25.0145893096924,1.13712394237518,0.96276581287384,-24.4680671691895,1.12532365322113,0.963465690612793,-23.9463386535645,1.11384415626526,0.964099407196045,-23.4479999542236,1.10275816917419,0.964645266532898,-22.9735794067383,1.09208238124847,0.965065598487854,-22.5234794616699,1.08182680606842,0.965340912342072,-22.1030712127686,1.07204234600067,0.965408325195312,-21.7074890136719,1.06266629695892,0.965277850627899,-21.9331092834473,1.06081879138947,0.965254604816437,-22.8058586120605,1.05839884281158,0.962620317935944,0,1,1,-26.9283981323242,1.06840085983276,0.995167553424835,-27.8303279876709,1.05833947658539,0.989456593990326,-28.4211921691895,1.05776476860046,0.983660101890564,-28.6048164367676,1.06431078910828,0.97832715511322,-28.5096035003662,1.07547187805176,0.973789274692535,-28.2376251220703,1.08878827095032,0.97017914056778,-27.8264904022217,1.10328543186188,0.967520773410797,-27.3308143615723,1.11768412590027,0.965670645236969,-26.7652626037598,1.13138699531555,0.964514553546906,-26.1479682922363,1.14404439926147,0.96392834186554,-25.4960193634033,1.15512442588806,0.963745534420013,-24.850154876709,1.16065180301666,0.963879346847534,-24.2697906494141,1.1541393995285,0.964551389217377,-23.7231521606445,1.14375495910645,0.965372443199158,-23.198616027832,1.1327850818634,0.966213941574097,-22.6978626251221,1.12182796001434,0.96701717376709,-22.2181396484375,1.11113691329956,0.96778017282486,-21.7601985931396,1.10078597068787,0.968472838401794,-21.3241634368896,1.09080696105957,0.969070076942444,-20.9116630554199,1.08120512962341,0.969541668891907,-20.5244903564453,1.07203149795532,0.969837188720703,-20.4384441375732,1.06675064563751,0.969355344772339,-20.7465190887451,1.06530404090881,0.967995822429657,-21.9567375183105,1.05888998508453,0.963633954524994,0,1,1,-24.3145771026611,1.07051980495453,0.995753705501556,-25.3014469146729,1.05932259559631,0.990611433982849,-25.7889518737793,1.05852031707764,0.985418975353241,-25.9687404632568,1.06359791755676,0.980561017990112,-25.9219875335693,1.07295608520508,0.976389348506927,-25.7011909484863,1.0847647190094,0.973105311393738,-25.3637809753418,1.09747624397278,0.970628798007965,-24.938648223877,1.11035430431366,0.968929767608643,-24.4550285339355,1.12265419960022,0.967864573001862,-23.9234409332275,1.13410985469818,0.967350602149963,-23.3615951538086,1.14418363571167,0.967227220535278,-22.792724609375,1.15068984031677,0.967353224754333,-22.2634143829346,1.14718759059906,0.967935085296631,-21.7692813873291,1.13797843456268,0.968770921230316,-21.2951164245605,1.12798023223877,0.969632863998413,-20.8414821624756,1.11793482303619,0.970506191253662,-20.4061679840088,1.10809874534607,0.971360564231873,-19.9915962219238,1.09855616092682,0.972171425819397,-19.596715927124,1.08933591842651,0.972905039787292,-19.2235431671143,1.08045697212219,0.973546862602234,-18.8766422271729,1.07195246219635,0.974030196666718,-18.7850322723389,1.06737339496613,0.97380930185318,-19.0369739532471,1.06653094291687,0.972779035568237,-21.0293922424316,1.05948078632355,0.966632068157196,0,1,1,-21.7601909637451,1.07368683815002,0.996369659900665,-22.7316761016846,1.06071043014526,0.991787910461426,-23.1580753326416,1.05901026725769,0.987148821353912,-23.3469944000244,1.062873005867,0.982795715332031,-23.3178825378418,1.07071769237518,0.979034662246704,-23.1422348022461,1.08100986480713,0.976085424423218,-22.8538513183594,1.09221231937408,0.973869323730469,-22.4865493774414,1.10356366634369,0.972339868545532,-22.0696582794189,1.11447393894196,0.971395075321198,-21.6173686981201,1.12462544441223,0.970935463905334,-21.1331310272217,1.13359642028809,0.970844566822052,-20.6345977783203,1.14053392410278,0.970897614955902,-20.1622829437256,1.13949465751648,0.971348464488983,-19.7244701385498,1.13161408901215,0.972182869911194,-19.3008880615234,1.1227068901062,0.973068594932556,-18.8956623077393,1.11363577842712,0.973968744277954,-18.5086631774902,1.10471141338348,0.97486412525177,-18.1409759521484,1.09604156017303,0.975747585296631,-17.7909984588623,1.08765709400177,0.976587474346161,-17.4620342254639,1.07956731319427,0.977356135845184,-17.1568756103516,1.07181370258331,0.978009641170502,-16.984977722168,1.06802010536194,0.978203475475311,-16.9445552825928,1.06801295280457,0.978069663047791,-17.792163848877,1.06613981723785,0.975444495677948,0,1,1,-19.215311050415,1.07727682590485,0.997008979320526,-20.066743850708,1.0635586977005,0.993040263652802,-20.5250186920166,1.05967473983765,0.988897085189819,-20.708475112915,1.0624440908432,0.985069453716278,-20.6950073242188,1.06904017925262,0.981774151325226,-20.5413761138916,1.07778084278107,0.979173004627228,-20.2933826446533,1.08747315406799,0.977237701416016,-19.9809837341309,1.09734344482422,0.97591245174408,-19.622631072998,1.10687744617462,0.975117564201355,-19.2289505004883,1.11567497253418,0.974718809127808,-18.8144779205322,1.12347090244293,0.974651217460632,-18.3851261138916,1.13010489940643,0.974627733230591,-17.9684047698975,1.13094258308411,0.974920988082886,-17.5835151672363,1.12469053268433,0.975681364536285,-17.2150592803955,1.11692249774933,0.976537525653839,-16.8632545471191,1.10888874530792,0.977418780326843,-16.5271072387695,1.10095405578613,0.978318393230438,-16.2077484130859,1.09323108196259,0.979230523109436,-15.9073858261108,1.08575558662415,0.980131506919861,-15.6258039474487,1.078537940979,0.98099684715271,-15.3674049377441,1.07160830497742,0.981781363487244,-15.2189998626709,1.06821489334106,0.982061862945557,-15.1792106628418,1.06821322441101,0.981941759586334,-16.0657520294189,1.06723642349243,0.979670822620392,0,1,1,-16.9081993103027,1.0779128074646,0.997555494308472,-17.5519008636475,1.06441688537598,0.99419379234314,-17.8853073120117,1.06080186367035,0.990692138671875,-18.0470848083496,1.06231009960175,0.987380564212799,-18.0433444976807,1.06762325763702,0.984556913375854,-17.912166595459,1.07487189769745,0.982325613498688,-17.6959648132324,1.08316028118134,0.980708658695221,-17.4216442108154,1.09166252613068,0.979640603065491,-17.1083793640137,1.09983038902283,0.97901976108551,-16.7680435180664,1.10734987258911,0.978740155696869,-16.4123439788818,1.11392331123352,0.978705585002899,-16.0457439422607,1.11945521831512,0.978675484657288,-15.687255859375,1.12152433395386,0.978794276714325,-15.3539199829102,1.11727488040924,0.979372680187225,-15.0408353805542,1.11065888404846,0.980126857757568,-14.7426767349243,1.1036993265152,0.980920135974884,-14.4606428146362,1.09681260585785,0.981762766838074,-14.1951627731323,1.09010994434357,0.982653021812439,-13.9468393325806,1.08362305164337,0.983567953109741,-13.7170362472534,1.07735991477966,0.984488368034363,-13.5087604522705,1.07134032249451,0.985368967056274,-13.767915725708,1.06840741634369,0.985031247138977,-14.2961540222168,1.06831181049347,0.983873009681702,-14.82190990448,1.06826031208038,0.982700407505035,0,1,1,-14.4984331130981,1.0794734954834,0.998136162757874,-14.9508323669434,1.06647956371307,0.995409071445465,-15.2304353713989,1.06188678741455,0.992483675479889,-15.3724918365479,1.06226742267609,0.989704430103302,-15.3664207458496,1.06612122058868,0.987323641777039,-15.2509231567383,1.07226800918579,0.985539972782135,-15.0593996047974,1.07922959327698,0.984272599220276,-14.81418800354,1.08643233776093,0.983495891094208,-14.5384654998779,1.09337043762207,0.983118295669556,-14.2423629760742,1.09966838359833,0.983008027076721,-13.9348449707031,1.10504829883575,0.983055293560028,-13.6249551773071,1.10949683189392,0.983067572116852,-13.3209228515625,1.11210799217224,0.983016431331635,-13.0408725738525,1.1094161272049,0.98335474729538,-12.7814245223999,1.10393977165222,0.983922064304352,-12.5400247573853,1.09808683395386,0.984558582305908,-12.3148422241211,1.09230375289917,0.985281586647034,-12.1058216094971,1.08668756484985,0.986086308956146,-11.9132299423218,1.08126747608185,0.986958980560303,-11.7376289367676,1.07604157924652,0.98787796497345,-11.5840063095093,1.07102513313293,0.988816797733307,-12.2698249816895,1.06860017776489,0.987870037555695,-13.3906745910645,1.06840312480927,0.985734641551971,-14.1098699569702,1.06834208965302,0.98422908782959}
referenceIlluminant1 = 21
referenceIlluminant2 = 17
captureSharpeningS = 1.0
captureSharpeningIntense = 1.0
preferredResolution = {4000, 3000}
