{
  "list": [
    {
      "aberrationCorrection": [
        0.0,
        0.0,
        0.0,
        0.0,
        0.0,
        0.0,
        0.0,
        0.0
      ],
      "blackLevel": [
        0.0,
        0.0,
        0.0,
        0.0
      ],
      "captureSharpeningIntense": 0.5,
      "captureSharpeningS": 1.05,
      "cct": [
        [
          0.0,
          0.0,
          0.0
        ],
        [
          0.0,
          0.0,
          0.0
        ],
        [
          0.0,
          0.0,
          0.0
        ]
      ],
      "cctExists": false,
      "id": 0,
      "isRawColorCorrection": false,
      "modelerExists": true,
      "noiseModelerArr": [
        [
          3.049616216049247E-6,
          3.066356748497584E-6,
          1.6137164051534832E-6,
          1.704456796158355E-6
        ],
        [
          -6.868533952433888E-5,
          1.978742630786456E-5,
          2.5178983454240047E-6,
          9.534749285514284E-6
        ],
        [
          2.4407820301561647E-11,
          2.71117247779124E-11,
          1.4803216436416858E-11,
          1.3810342589160767E-11
        ],
        [
          1.6459574435581148E-6,
          2.2145485853138597E-7,
          6.537303890987755E-7,
          6.33679176770087E-7
        ]
      ]
    },
    {
      "aberrationCorrection": [
        0.0,
        0.0,
        0.0,
        0.0,
        0.0,
        0.0,
        0.0,
        0.0
      ],
      "blackLevel": [
        0.0,
        0.0,
        0.0,
        0.0
      ],
      "captureSharpeningIntense": 0.5,
      "captureSharpeningS": 1.05,
      "cct": [
        [
          0.0,
          0.0,
          0.0
        ],
        [
          0.0,
          0.0,
          0.0
        ],
        [
          0.0,
          0.0,
          0.0
        ]
      ],
      "cctExists": false,
      "id": 1,
      "isRawColorCorrection": false,
      "modelerExists": true,
      "noiseModelerArr": [
        [
          8.232277999740038E-7,
          8.25869845339329E-7,
          8.199231501613553E-7,
          8.008255761658845E-7
        ],
        [
          3.132309551554714E-5,
          2.1283840295194042E-5,
          2.2475562768771716E-5,
          4.142360164582706E-5
        ],
        [
          1.9740428435226394E-12,
          1.933706260436388E-12,
          1.9774328997705128E-12,
          2.2856499001409555E-12
        ],
        [
          -2.3457584897201433E-7,
          -6.272188756378256E-8,
          -8.04846062803566E-8,
          -2.7007270485059615E-7
        ]
      ]
    },
    {
      "aberrationCorrection": [
        0.0,
        0.0,
        0.0,
        0.0,
        0.0,
        0.0,
        0.0,
        0.0
      ],
      "blackLevel": [
        0.0,
        0.0,
        0.0,
        0.0
      ],
      "captureSharpeningIntense": 0.5,
      "captureSharpeningS": 1.05,
      "cct": [
        [
          0.0,
          0.0,
          0.0
        ],
        [
          0.0,
          0.0,
          0.0
        ],
        [
          0.0,
          0.0,
          0.0
        ]
      ],
      "cctExists": false,
      "id": 2,
      "isRawColorCorrection": false,
      "modelerExists": true,
      "noiseModelerArr": [
        [
          1.5927034005364303E-6,
          1.5888828235244699E-6,
          1.5844172153727016E-6,
          1.2929165132777582E-6
        ],
        [
          6.511741854650378E-6,
          1.863536347876196E-5,
          2.349846044488917E-5,
          8.202677579758039E-6
        ],
        [
          6.393139451907586E-12,
          6.738333537524045E-12,
          6.845460819964984E-12,
          5.313327914514723E-12
        ],
        [
          2.6711059550692037E-7,
          -2.2563025078762078E-7,
          -2.9050259826371E-7,
          2.7043137507613384E-7
        ]
      ]
    },
    {
      "aberrationCorrection": [
        0.0,
        0.0,
        0.0,
        0.0,
        0.0,
        0.0,
        0.0,
        0.0
      ],
      "blackLevel": [
        0.0,
        0.0,
        0.0,
        0.0
      ],
      "captureSharpeningIntense": 0.5,
      "captureSharpeningS": 1.05,
      "cct": [
        [
          0.0,
          0.0,
          0.0
        ],
        [
          0.0,
          0.0,
          0.0
        ],
        [
          0.0,
          0.0,
          0.0
        ]
      ],
      "cctExists": false,
      "id": 3,
      "isRawColorCorrection": false,
      "modelerExists": true,
      "noiseModelerArr": [
        [
          1.723524778290816E-6,
          1.6350221136097833E-6,
          1.4251111092847876E-6,
          1.5571895958002161E-6
        ],
        [
          -2.134295780752146E-5,
          1.6784910859191478E-5,
          1.7992277408792413E-5,
          -1.9747585550909817E-6
        ],
        [
          -4.1202352402298914E-14,
          -6.222889838516411E-14,
          -5.93365519208338E-14,
          -4.3919054303038314E-14
        ],
        [
          1.0335175408750888E-6,
          5.508194762633859E-7,
          7.557051940878284E-7,
          9.416677017511695E-7
        ]
      ]
    }
  ]
}