{
  "list": [
    {
      "aberrationCorrection": [
        0.0,
        0.0,
        0.0,
        0.0,
        0.0,
        0.0,
        0.0,
        0.0
      ],
      "blackLevel": [
        0.0,
        0.0,
        0.0,
        0.0
      ],
      "captureSharpeningIntense": 1.0,
      "captureSharpeningS": 1.05,
      "cct": [
        [
          0.0,
          0.0,
          0.0
        ],
        [
          0.0,
          0.0,
          0.0
        ],
        [
          0.0,
          0.0,
          0.0
        ]
      ],
      "cctExists": false,
      "id": 0,
      "isRawColorCorrection": false,
      "modelerExists": true,
      "noiseModelerArr": [
        [
          1.0752325549832484E-6,
          1.196258268476536E-6,
          6.188713383244324E-7,
          6.664992219692763E-7
        ],
        [
          -1.3944581816859453E-5,
          2.14376418628867E-6,
          -3.472229159309987E-7,
          -1.5230206476730423E-6
        ],
        [
          6.028408388732381E-12,
          5.074280425910235E-12,
          2.386540080515199E-12,
          2.7267090539689144E-12
        ],
        [
          4.388466094607838E-7,
          3.2849568991527097E-7,
          4.0586579284976675E-7,
          3.625368394134763E-7
        ]
      ]
    },
    {
      "aberrationCorrection": [
        0.0,
        0.0,
        0.0,
        0.0,
        0.0,
        0.0,
        0.0,
        0.0
      ],
      "blackLevel": [
        0.0,
        0.0,
        0.0,
        0.0
      ],
      "captureSharpeningIntense": 0.5,
      "captureSharpeningS": 1.05,
      "cct": [
        [
          0.0,
          0.0,
          0.0
        ],
        [
          0.0,
          0.0,
          0.0
        ],
        [
          0.0,
          0.0,
          0.0
        ]
      ],
      "cctExists": false,
      "id": 1,
      "isRawColorCorrection": false,
      "modelerExists": true,
      "noiseModelerArr": [
        [
          3.5684190639844393E-6,
          3.5173302058297746E-6,
          3.472724026633459E-6,
          3.4582930401352425E-6
        ],
        [
          2.29609852853862E-6,
          5.012349936288773E-6,
          8.105961030115472E-6,
          2.607919668825669E-6
        ],
        [
          2.2314436826166334E-11,
          2.1974166526131606E-11,
          2.101661649514541E-11,
          2.07311835625491E-11
        ],
        [
          4.3864650305339854E-7,
          3.541893383691396E-7,
          2.6684533897039166E-7,
          3.9838230145938835E-7
        ]
      ]
    },
    {
      "aberrationCorrection": [
        0.0,
        0.0,
        0.0,
        0.0,
        0.0,
        0.0,
        0.0,
        0.0
      ],
      "blackLevel": [
        0.0,
        0.0,
        0.0,
        0.0
      ],
      "captureSharpeningIntense": 0.5,
      "captureSharpeningS": 1.05,
      "cct": [
        [
          0.0,
          0.0,
          0.0
        ],
        [
          0.0,
          0.0,
          0.0
        ],
        [
          0.0,
          0.0,
          0.0
        ]
      ],
      "cctExists": false,
      "id": 2,
      "isRawColorCorrection": false,
      "modelerExists": true,
      "noiseModelerArr": [
        [
          3.743190610275065E-6,
          3.6868569103341015E-6,
          3.6767903706685852E-6,
          3.687655843114006E-6
        ],
        [
          3.6263571806451115E-6,
          1.6268770580278034E-5,
          1.643496892132244E-5,
          1.4673539457884655E-5
        ],
        [
          3.1481734420082236E-11,
          3.2468941977333715E-11,
          3.2742800580364906E-11,
          3.279521633439372E-11
        ],
        [
          4.77476841191616E-7,
          1.0592691049712235E-7,
          1.3287252861673883E-7,
          2.3309990571498685E-7
        ]
      ]
    }
  ]
}