{
  "list": [
    {
      "aberrationCorrection": [
        0.0,
        0.0,
        0.0,
        0.0,
        0.0,
        0.0,
        0.0,
        0.0
      ],
      "blackLevel": [
        0.0,
        0.0,
        0.0,
        0.0
      ],
      "captureSharpeningIntense": 1.0,
      "captureSharpeningS": 1.1,
      "cct": [
        [
          0.0,
          0.0,
          0.0
        ],
        [
          0.0,
          0.0,
          0.0
        ],
        [
          0.0,
          0.0,
          0.0
        ]
      ],
      "cctExists": false,
      "id": 0,
      "isRawColorCorrection": false,
      "modelerExists": true,
      "noiseModelerArr": [
        [
          6.83077811393138E-7,
          4.5578135829790247E-7,
          4.492959389111244E-7,
          6.047769308479595E-7
        ],
        [
          5.555446484111483E-6,
          9.860349720343052E-7,
          2.563714582853956E-7,
          4.798221767362647E-6
        ],
        [
          7.512797765420556E-13,
          2.2003222288427424E-12,
          2.3098307546795066E-12,
          7.372233232276438E-13
        ],
        [
          5.557875198589793E-7,
          6.258392153420842E-7,
          6.453429822922199E-7,
          4.991889298556389E-7
        ]
      ]
    },
    {
      "aberrationCorrection": [
        0.0,
        0.0,
        0.0,
        0.0,
        0.0,
        0.0,
        0.0,
        0.0
      ],
      "blackLevel": [
        0.0,
        0.0,
        0.0,
        0.0
      ],
      "captureSharpeningIntense": 0.5,
      "captureSharpeningS": 1.05,
      "cct": [
        [
          0.0,
          0.0,
          0.0
        ],
        [
          0.0,
          0.0,
          0.0
        ],
        [
          0.0,
          0.0,
          0.0
        ]
      ],
      "cctExists": false,
      "id": 1,
      "isRawColorCorrection": false,
      "modelerExists": true,
      "noiseModelerArr": [
        [
          3.8284881234522835E-6,
          3.7848977572676757E-6,
          3.758775362528181E-6,
          3.879138095201344E-6
        ],
        [
          -8.403812175152402E-6,
          -5.84528944689354E-6,
          -6.272956995595406E-6,
          -8.678621422410783E-6
        ],
        [
          1.3032975260869628E-11,
          1.4894217831492587E-11,
          1.4631059345909564E-11,
          1.3407894281327378E-11
        ],
        [
          6.983814591824226E-7,
          7.025849679230107E-7,
          7.185158253704088E-7,
          7.108828783350968E-7
        ]
      ]
    },
    {
      "aberrationCorrection": [
        0.0,
        0.0,
        0.0,
        0.0,
        0.0,
        0.0,
        0.0,
        0.0
      ],
      "blackLevel": [
        0.0,
        0.0,
        0.0,
        0.0
      ],
      "captureSharpeningIntense": 1.25,
      "captureSharpeningS": 1.1,
      "cct": [
        [
          0.0,
          0.0,
          0.0
        ],
        [
          0.0,
          0.0,
          0.0
        ],
        [
          0.0,
          0.0,
          0.0
        ]
      ],
      "cctExists": false,
      "id": 2,
      "isRawColorCorrection": false,
      "modelerExists": true,
      "noiseModelerArr": [
        [
          2.778172066246081E-6,
          2.6880731055362526E-6,
          2.6972530755150648E-6,
          2.7638338564533415E-6
        ],
        [
          1.0358232967322726E-5,
          2.595602510146598E-5,
          2.549645023865011E-5,
          1.8654354508550758E-5
        ],
        [
          -3.2766683856770736E-12,
          -5.8793449133427624E-12,
          -6.509406786514441E-12,
          -3.4626701937083386E-12
        ],
        [
          6.802182651726613E-7,
          3.421306017069367E-7,
          3.260641420879179E-7,
          5.258869684647925E-7
        ]
      ]
    },
    {
      "aberrationCorrection": [
        0.0,
        0.0,
        0.0,
        0.0,
        0.0,
        0.0,
        0.0,
        0.0
      ],
      "blackLevel": [
        0.0,
        0.0,
        0.0,
        0.0
      ],
      "captureSharpeningIntense": 2.0,
      "captureSharpeningS": 1.3,
      "cct": [
        [
          0.0,
          0.0,
          0.0
        ],
        [
          0.0,
          0.0,
          0.0
        ],
        [
          0.0,
          0.0,
          0.0
        ]
      ],
      "cctExists": false,
      "id": 3,
      "isRawColorCorrection": false,
      "modelerExists": true,
      "noiseModelerArr": [
        [
          3.8258606080195075E-6,
          3.2008252475740936E-6,
          3.198942368079354E-6,
          3.856480506192772E-6
        ],
        [
          -4.6434767272138893E-5,
          -1.0917595226160695E-5,
          -1.0648744292159725E-5,
          -4.2814906919669436E-5
        ],
        [
          3.120986096920601E-11,
          3.024063437813071E-11,
          3.053197167712915E-11,
          3.1207882849118573E-11
        ],
        [
          5.155904840835123E-7,
          4.146269845628112E-7,
          4.083957939852829E-7,
          5.025064581013141E-7
        ]
      ]
    },
    {
      "aberrationCorrection": [
        0.0,
        0.0,
        0.0,
        0.0,
        0.0,
        0.0,
        0.0,
        0.0
      ],
      "blackLevel": [
        0.0,
        0.0,
        0.0,
        0.0
      ],
      "captureSharpeningIntense": 2.0,
      "captureSharpeningS": 1.25,
      "cct": [
        [
          0.0,
          0.0,
          0.0
        ],
        [
          0.0,
          0.0,
          0.0
        ],
        [
          0.0,
          0.0,
          0.0
        ]
      ],
      "cctExists": false,
      "id": 4,
      "isRawColorCorrection": false,
      "modelerExists": true,
      "noiseModelerArr": [
        [
          1.0673449016409514E-6,
          1.2113369862616123E-6,
          6.202622287233161E-7,
          6.808332330119998E-7
        ],
        [
          -7.768410096045204E-6,
          1.2095708095164611E-5,
          8.837843014774865E-6,
          2.8301656450573236E-6
        ],
        [
          4.509425381797041E-12,
          2.267471275438403E-12,
          1.1001758620061367E-12,
          1.3615498511866523E-12
        ],
        [
          3.6366384941392123E-7,
          -1.1207133554947757E-7,
          1.7857454243565782E-7,
          3.164271743346444E-7
        ]
      ]
    }
  ]
}