{
  "list": [
    {
      "aberrationCorrection": [
        0.5,
        0.5,
        1.0E-4,
        1.0E-4,
        0.0,
        0.0,
        3.0E-4,
        3.0E-4
      ],
      "blackLevel": [
        0.0,
        0.0,
        0.0,
        0.0
      ],
      "captureSharpeningIntense": 1.0,
      "captureSharpeningS": 1.05,
      "cct": [
        [
          0.0,
          0.0,
          0.0
        ],
        [
          0.0,
          0.0,
          0.0
        ],
        [
          0.0,
          0.0,
          0.0
        ]
      ],
      "cctExists": false,
      "id": 0,
      "isRawColorCorrection": false,
      "modelerExists": true,
      "noiseModelerArr": [
        [
          5.550690452962096E-7,
          6.28854003109143E-7,
          3.2514281356232834E-7,
          3.596084804765092E-7
        ],
        [
          -7.2516712227937075E-6,
          5.222139481138479E-6,
          5.4155096702917535E-6,
          2.4324671216536317E-6
        ],
        [
          1.4223427818161162E-12,
          6.483861646712692E-13,
          3.426108655202949E-13,
          3.984369575773855E-13
        ],
        [
          3.6161221084824785E-7,
          1.5498159191094513E-7,
          2.982331631078912E-7,
          3.225319173227361E-7
        ]
      ]
    },
    {
      "aberrationCorrection": [
        0.5,
        0.5,
        -5.0E-4,
        -5.0E-4,
        0.0,
        0.0,
        -5.0E-4,
        -5.0E-4
      ],
      "blackLevel": [
        0.0,
        0.0,
        0.0,
        0.0
      ],
      "captureSharpeningIntense": 1.0,
      "captureSharpeningS": 1.2,
      "cct": [
        [
          0.0,
          0.0,
          0.0
        ],
        [
          0.0,
          0.0,
          0.0
        ],
        [
          0.0,
          0.0,
          0.0
        ]
      ],
      "cctExists": false,
      "id": 20,
      "isRawColorCorrection": false,
      "modelerExists": true,
      "noiseModelerArr": [
        [
          1.5705128078183315E-6,
          1.56071666079523E-6,
          1.5638037333120137E-6,
          1.2581117702980262E-6
        ],
        [
          4.382530954462693E-6,
          1.7499718124757E-5,
          2.5647348004253185E-5,
          1.2158787834667922E-5
        ],
        [
          6.102933904970193E-12,
          6.266528521949293E-12,
          6.0503666184411834E-12,
          5.058310937673021E-12
        ],
        [
          2.9005954082168127E-7,
          -1.6104509173060653E-7,
          -3.3963123778515874E-7,
          1.538103663440867E-7
        ]
      ]
    },
    {
      "aberrationCorrection": [
        0.5,
        0.5,
        0.0014,
        0.0014,
        0.0,
        0.0,
        0.001,
        0.001
      ],
      "blackLevel": [
        0.0,
        0.0,
        0.0,
        0.0
      ],
      "captureSharpeningIntense": 1.0,
      "captureSharpeningS": 1.6,
      "cct": [
        [
          0.0,
          0.0,
          0.0
        ],
        [
          0.0,
          0.0,
          0.0
        ],
        [
          0.0,
          0.0,
          0.0
        ]
      ],
      "cctExists": false,
      "id": 21,
      "isRawColorCorrection": false,
      "modelerExists": true,
      "noiseModelerArr": [
        [
          1.627418545927463E-6,
          1.6217272295857922E-6,
          1.4098009545603852E-6,
          1.46947358198844E-6
        ],
        [
          -2.2306851512663175E-5,
          -3.3876145851968E-6,
          -5.875513588469666E-7,
          -5.4479195276516125E-6
        ],
        [
          8.119854889512704E-12,
          8.154058892650946E-12,
          7.934321880230547E-12,
          7.244480506987444E-12
        ],
        [
          5.314963658819075E-7,
          1.7351008823834477E-7,
          3.7211611090413054E-7,
          5.182996922616912E-7
        ]
      ]
    }
  ]
}