{
  "list": [
    {
      "aberrationCorrection": [
        0.5,
        0.5,
        1.0E-4,
        1.0E-4,
        0.0,
        0.0,
        3.0E-4,
        3.0E-4
      ],
      "blackLevel": [
        0.0,
        0.0,
        0.0,
        0.0
      ],
      "captureSharpeningIntense": 1.0,
      "captureSharpeningS": 1.05,
      "cct": [
        [
          0.0,
          0.0,
          0.0
        ],
        [
          0.0,
          0.0,
          0.0
        ],
        [
          0.0,
          0.0,
          0.0
        ]
      ],
      "cctExists": false,
      "id": 0,
      "isRawColorCorrection": false,
      "modelerExists": true,
      "noiseModelerArr": [
        [
          5.550690452962096E-7,
          6.28854003109143E-7,
          3.2514281356232834E-7,
          3.596084804765092E-7
        ],
        [
          -7.2516712227937075E-6,
          5.222139481138479E-6,
          5.4155096702917535E-6,
          2.4324671216536317E-6
        ],
        [
          1.4223427818161162E-12,
          6.483861646712692E-13,
          3.426108655202949E-13,
          3.984369575773855E-13
        ],
        [
          3.6161221084824785E-7,
          1.5498159191094513E-7,
          2.982331631078912E-7,
          3.225319173227361E-7
        ]
      ]
    }
  ]
}