{
  "list": [
    {
      "aberrationCorrection": [
        0.0,
        0.0,
        0.0,
        0.0,
        0.0,
        0.0,
        0.0,
        0.0
      ],
      "blackLevel": [
        0.0,
        0.0,
        0.0,
        0.0
      ],
      "captureSharpeningIntense": 0.5,
      "captureSharpeningS": 1.05,
      "cct": [
        [
          0.0,
          0.0,
          0.0
        ],
        [
          0.0,
          0.0,
          0.0
        ],
        [
          0.0,
          0.0,
          0.0
        ]
      ],
      "cctExists": false,
      "id": 0,
      "isRawColorCorrection": false,
      "modelerExists": true,
      "noiseModelerArr": [
        [
          3.6112065910260735E-7,
          3.246000126216271E-7,
          3.5469362596939144E-7,
          3.4712663227762084E-7
        ],
        [
          0.001506547821804961,
          0.0015057255608239154,
          0.0015113472569226263,
          0.0015075962152107313
        ],
        [
          5.8675536217939195E-12,
          5.3773023360459415E-12,
          5.782809994747673E-12,
          5.653773456348876E-12
        ],
        [
          9.856599902931143E-5,
          9.813562549713927E-5,
          9.892315973069647E-5,
          9.85635186357755E-5
        ]
      ]
    }
  ]
}